word,colour,stim_condition,correct_res,thisN,thisTrialN,thisRepN,key_resp.keys,key_resp.corr,key_resp.rt,key_resp.duration,trials.thisRepN,trials.thisTrialN,trials.thisN,trials.thisIndex,thisRow.t,notes,ins.started,text_2.started,ins.stopped,trial.started,fixation.started,fixation.stopped,text.started,key_resp.started,trial.stopped,trials.key_resp.keys,trials.key_resp.corr,trials.key_resp.rt,trials.key_resp.duration,thanks.started,text_3.started,text_3.stopped,thanks.stopped,participant,session,date,expName,expVersion,psychopyVersion,frameRate,expStart
,,,,,,,,,,,,,,,,,0.0155269,0.0295795,1.0157778,,,,,,,,,,,,,,,pilot,1,2025-08-26_11h27.28.118,stroop task,,2025.1.1,60.03045942,2025-08-26 11h27.35.950456 +0530
BLUE,red,I,r,0,0,0,r,1,1.5907165,None,0,0,0,2,1.0451643,,,,,1.0338501,1.0451643,1.5130189,1.5130189,1.5130189,3.1528654,r,1,1.5907165,None,,,,,pilot,1,2025-08-26_11h27.28.118,stroop task,,2025.1.1,60.03045942,2025-08-26 11h27.35.950456 +0530
RED,red,C,r,1,1,0,r,1,0.6176734,None,0,1,1,0,3.1776261,,,,,3.159526,3.1776261,3.6619634,3.6619634,3.6619634,4.2813988,r,1,0.6176734,None,,,,,pilot,1,2025-08-26_11h27.28.118,stroop task,,2025.1.1,60.03045942,2025-08-26 11h27.35.950456 +0530
BLUE,blue,C,b,2,2,0,b,1,0.7170146,None,0,2,2,3,4.2950406,,,,,4.2834512,4.2950406,4.7949476,4.7949476,4.7949476,5.5141589,b,1,0.7170146,None,,,,,pilot,1,2025-08-26_11h27.28.118,stroop task,,2025.1.1,60.03045942,2025-08-26 11h27.35.950456 +0530
RED,blue,I,b,3,3,0,r,0,0.8280569,None,0,3,3,1,5.5279021,,,,,5.5161383,5.5279021,6.0276802,6.0276802,6.0276802,6.8633961,r,0,0.8280569,None,,,,,pilot,1,2025-08-26_11h27.28.118,stroop task,,2025.1.1,60.03045942,2025-08-26 11h27.35.950456 +0530
BLUE,blue,C,b,4,0,1,b,1,0.5150717,None,1,0,4,3,6.8772557,,,,,6.8652744,6.8772557,7.37695,7.37695,7.37695,7.8962705,b,1,0.5150717,None,,,,,pilot,1,2025-08-26_11h27.28.118,stroop task,,2025.1.1,60.03045942,2025-08-26 11h27.35.950456 +0530
RED,blue,I,b,5,1,1,b,1,0.6418255,None,1,1,5,1,7.9101818,,,,,7.8982525,7.9101818,8.4098651,8.4098651,8.4098651,9.062196,b,1,0.6418255,None,,,,,pilot,1,2025-08-26_11h27.28.118,stroop task,,2025.1.1,60.03045942,2025-08-26 11h27.35.950456 +0530
BLUE,red,I,r,6,2,1,r,1,0.6715261,None,1,2,6,2,9.0763615,,,,,9.0640422,9.0763615,9.5761815,9.5761815,9.5761815,10.2617748,r,1,0.6715261,None,,,,,pilot,1,2025-08-26_11h27.28.118,stroop task,,2025.1.1,60.03045942,2025-08-26 11h27.35.950456 +0530
RED,red,C,r,7,3,1,r,1,0.5881322,None,1,3,7,0,10.2757348,,,,,10.2636318,10.2757348,10.7755346,10.7755346,10.7755346,11.3780768,r,1,0.5881322,None,,,,,pilot,1,2025-08-26_11h27.28.118,stroop task,,2025.1.1,60.03045942,2025-08-26 11h27.35.950456 +0530
BLUE,red,I,r,8,0,2,r,1,0.7319105,None,2,0,8,2,11.3918457,,,,,11.3800024,11.3918457,11.8917057,11.8917057,11.8917057,12.6279429,r,1,0.7319105,None,,,,,pilot,1,2025-08-26_11h27.28.118,stroop task,,2025.1.1,60.03045942,2025-08-26 11h27.35.950456 +0530
BLUE,blue,C,b,9,1,2,b,1,0.7424615,None,2,1,9,3,12.6413633,,,,,12.6283872,12.6413633,13.1411828,13.1411828,13.1411828,13.8937227,b,1,0.7424615,None,,,,,pilot,1,2025-08-26_11h27.28.118,stroop task,,2025.1.1,60.03045942,2025-08-26 11h27.35.950456 +0530
RED,red,C,r,10,2,2,r,1,0.5604532,None,2,2,10,0,13.9073877,,,,,13.8957273,13.9073877,14.4072348,14.4072348,14.4072348,14.9763382,r,1,0.5604532,None,,,,,pilot,1,2025-08-26_11h27.28.118,stroop task,,2025.1.1,60.03045942,2025-08-26 11h27.35.950456 +0530
RED,blue,I,b,11,3,2,b,1,0.5816335,None,2,3,11,1,14.9902972,,,,,14.9766769,14.9902972,15.4900712,15.4900712,15.4900712,16.075825,b,1,0.5816335,None,,,,,pilot,1,2025-08-26_11h27.28.118,stroop task,,2025.1.1,60.03045942,2025-08-26 11h27.35.950456 +0530
BLUE,blue,C,b,12,0,3,b,1,0.5502138,None,3,0,12,3,16.0898808,,,,,16.0776688,16.0898808,16.5896212,16.5896212,16.5896212,17.1423078,b,1,0.5502138,None,,,,,pilot,1,2025-08-26_11h27.28.118,stroop task,,2025.1.1,60.03045942,2025-08-26 11h27.35.950456 +0530
BLUE,red,I,r,13,1,3,r,1,0.6638317,None,3,1,13,2,17.1560016,,,,,17.1426748,17.1560016,17.6557968,17.6557968,17.6557968,18.3258515,r,1,0.6638317,None,,,,,pilot,1,2025-08-26_11h27.28.118,stroop task,,2025.1.1,60.03045942,2025-08-26 11h27.35.950456 +0530
RED,blue,I,b,14,2,3,b,1,0.7211235,None,3,2,14,1,18.3389084,,,,,18.3280712,18.3389084,18.838555,18.838555,18.838555,19.5744087,b,1,0.7211235,None,,,,,pilot,1,2025-08-26_11h27.28.118,stroop task,,2025.1.1,60.03045942,2025-08-26 11h27.35.950456 +0530
RED,red,C,r,15,3,3,r,1,0.6676603,None,3,3,15,0,19.5882744,,,,,19.5747625,19.5882744,20.0880088,20.0880088,20.0880088,20.7570959,r,1,0.6676603,None,,,,,pilot,1,2025-08-26_11h27.28.118,stroop task,,2025.1.1,60.03045942,2025-08-26 11h27.35.950456 +0530
BLUE,red,I,r,16,0,4,r,1,0.5809186,None,4,0,16,2,20.7709783,,,,,20.7591262,20.7709783,21.270829,21.270829,21.270829,21.8568284,r,1,0.5809186,None,,,,,pilot,1,2025-08-26_11h27.28.118,stroop task,,2025.1.1,60.03045942,2025-08-26 11h27.35.950456 +0530
BLUE,blue,C,b,17,1,4,b,1,0.5892586,None,4,1,17,3,21.8705592,,,,,21.8571979,21.8705592,22.3704041,22.3704041,22.3704041,22.9731154,b,1,0.5892586,None,,,,,pilot,1,2025-08-26_11h27.28.118,stroop task,,2025.1.1,60.03045942,2025-08-26 11h27.35.950456 +0530
RED,red,C,r,18,2,4,r,1,0.4971084,None,4,2,18,0,22.9868099,,,,,22.9750981,22.9868099,23.4866073,23.4866073,23.4866073,23.9893059,r,1,0.4971084,None,,,,,pilot,1,2025-08-26_11h27.28.118,stroop task,,2025.1.1,60.03045942,2025-08-26 11h27.35.950456 +0530
RED,blue,I,b,19,3,4,b,1,0.6928686,None,4,3,19,1,24.0029821,,,,,23.9896938,24.0029821,24.5028075,24.5028075,24.5028075,25.2051811,b,1,0.6928686,None,,,,,pilot,1,2025-08-26_11h27.28.118,stroop task,,2025.1.1,60.03045942,2025-08-26 11h27.35.950456 +0530
BLUE,blue,C,b,20,0,5,b,1,0.4726345,None,5,0,20,3,25.2190846,,,,,25.2070802,25.2190846,25.7190298,25.7190298,25.7190298,26.2049362,b,1,0.4726345,None,,,,,pilot,1,2025-08-26_11h27.28.118,stroop task,,2025.1.1,60.03045942,2025-08-26 11h27.35.950456 +0530
RED,blue,I,b,21,1,5,b,1,0.4932708,None,5,1,21,1,26.2187308,,,,,26.2070731,26.2187308,26.7184327,26.7184327,26.7184327,27.2210132,b,1,0.4932708,None,,,,,pilot,1,2025-08-26_11h27.28.118,stroop task,,2025.1.1,60.03045942,2025-08-26 11h27.35.950456 +0530
RED,red,C,r,22,2,5,r,1,0.645035,None,5,2,22,0,27.2349046,,,,,27.2213685,27.2349046,27.7346343,27.7346343,27.7346343,28.3872122,r,1,0.645035,None,,,,,pilot,1,2025-08-26_11h27.28.118,stroop task,,2025.1.1,60.03045942,2025-08-26 11h27.35.950456 +0530
BLUE,red,I,r,23,3,5,b,0,0.7707987,None,5,3,23,2,28.4009729,,,,,28.3891641,28.4009729,28.900887,28.900887,28.900887,29.6866511,b,0,0.7707987,None,,,,,pilot,1,2025-08-26_11h27.28.118,stroop task,,2025.1.1,60.03045942,2025-08-26 11h27.35.950456 +0530
RED,blue,I,b,24,0,6,b,1,0.5754118,None,6,0,24,1,29.7004434,,,,,29.6889447,29.7004434,30.2002314,30.2002314,30.2002314,30.7860775,b,1,0.5754118,None,,,,,pilot,1,2025-08-26_11h27.28.118,stroop task,,2025.1.1,60.03045942,2025-08-26 11h27.35.950456 +0530
BLUE,red,I,r,25,1,6,r,1,0.7398386,None,6,1,25,2,30.8000085,,,,,30.7881685,30.8000085,31.2997737,31.2997737,31.2997737,32.0523618,r,1,0.7398386,None,,,,,pilot,1,2025-08-26_11h27.28.118,stroop task,,2025.1.1,60.03045942,2025-08-26 11h27.35.950456 +0530
BLUE,blue,C,b,26,2,6,b,1,0.5296388,None,6,2,26,3,32.0659891,,,,,32.052711,32.0659891,32.5660674,32.5660674,32.5660674,33.1021028,b,1,0.5296388,None,,,,,pilot,1,2025-08-26_11h27.28.118,stroop task,,2025.1.1,60.03045942,2025-08-26 11h27.35.950456 +0530
RED,red,C,r,27,3,6,r,1,0.4923001,None,6,3,27,0,33.1156197,,,,,33.1043692,33.1156197,33.6154597,33.6154597,33.6154597,34.1179017,r,1,0.4923001,None,,,,,pilot,1,2025-08-26_11h27.28.118,stroop task,,2025.1.1,60.03045942,2025-08-26 11h27.35.950456 +0530
BLUE,blue,C,b,28,0,7,b,1,2.9480859,None,7,0,28,3,34.1317977,,,,,34.1200046,34.1317977,34.6315511,34.6315511,34.6315511,37.5829677,b,1,2.9480859,None,,,,,pilot,1,2025-08-26_11h27.28.118,stroop task,,2025.1.1,60.03045942,2025-08-26 11h27.35.950456 +0530
BLUE,red,I,r,29,1,7,r,1,0.6869306,None,7,1,29,2,37.5969881,,,,,37.5833498,37.5969881,38.0967298,38.0967298,38.0967298,38.7991775,r,1,0.6869306,None,,,,,pilot,1,2025-08-26_11h27.28.118,stroop task,,2025.1.1,60.03045942,2025-08-26 11h27.35.950456 +0530
RED,red,C,r,30,2,7,r,1,0.5826709,None,7,2,30,0,38.8130557,,,,,38.801121,38.8130557,39.312953,39.312953,39.312953,39.8985727,r,1,0.5826709,None,,,,,pilot,1,2025-08-26_11h27.28.118,stroop task,,2025.1.1,60.03045942,2025-08-26 11h27.35.950456 +0530
RED,blue,I,b,31,3,7,b,1,0.7392752,None,7,3,31,1,39.9126009,,,,,39.8989232,39.9126009,40.4123628,40.4123628,40.4123628,41.16488,b,1,0.7392752,None,,,,,pilot,1,2025-08-26_11h27.28.118,stroop task,,2025.1.1,60.03045942,2025-08-26 11h27.35.950456 +0530
BLUE,red,I,r,32,0,8,r,1,1.3211703,None,8,0,32,2,41.1786593,,,,,41.1668184,41.1786593,41.6785202,41.6785202,41.6785202,43.0139278,r,1,1.3211703,None,,,,,pilot,1,2025-08-26_11h27.28.118,stroop task,,2025.1.1,60.03045942,2025-08-26 11h27.35.950456 +0530
RED,blue,I,b,33,1,8,b,1,2.0719798,None,8,1,33,1,43.027838,,,,,43.0159821,43.027838,43.5277081,43.5277081,43.5277081,45.6129128,b,1,2.0719798,None,,,,,pilot,1,2025-08-26_11h27.28.118,stroop task,,2025.1.1,60.03045942,2025-08-26 11h27.35.950456 +0530
RED,red,C,r,34,2,8,r,1,0.8010952,None,8,2,34,0,45.6266138,,,,,45.613294,45.6266138,46.1265729,46.1265729,46.1265729,46.9290152,r,1,0.8010952,None,,,,,pilot,1,2025-08-26_11h27.28.118,stroop task,,2025.1.1,60.03045942,2025-08-26 11h27.35.950456 +0530
BLUE,blue,C,b,35,3,8,b,1,2.1730943,None,8,3,35,3,46.9428172,,,,,46.9311672,46.9428172,47.442588,47.442588,47.442588,49.6276172,b,1,2.1730943,None,,,,,pilot,1,2025-08-26_11h27.28.118,stroop task,,2025.1.1,60.03045942,2025-08-26 11h27.35.950456 +0530
RED,red,C,r,36,0,9,r,1,0.5702576,None,9,0,36,0,49.6415269,,,,,49.6296926,49.6415269,50.1414101,50.1414101,50.1414101,50.7271983,r,1,0.5702576,None,,,,,pilot,1,2025-08-26_11h27.28.118,stroop task,,2025.1.1,60.03045942,2025-08-26 11h27.35.950456 +0530
BLUE,red,I,r,37,1,9,r,1,1.6150497,None,9,1,37,2,50.741097,,,,,50.7293067,50.741097,51.2409409,51.2409409,51.2409409,52.8611481,r,1,1.6150497,None,,,,,pilot,1,2025-08-26_11h27.28.118,stroop task,,2025.1.1,60.03045942,2025-08-26 11h27.35.950456 +0530
RED,blue,I,b,38,2,9,r,0,0.9741371,None,9,2,38,1,52.8738788,,,,,52.8638868,52.8738788,53.3735393,53.3735393,53.3735393,54.3595178,r,0,0.9741371,None,,,,,pilot,1,2025-08-26_11h27.28.118,stroop task,,2025.1.1,60.03045942,2025-08-26 11h27.35.950456 +0530
BLUE,blue,C,b,39,3,9,b,1,0.4348534,None,9,3,39,3,54.3728932,,,,,54.3617308,54.3728932,54.8727406,54.8727406,54.8727406,55.3089249,b,1,0.4348534,None,,,,,pilot,1,2025-08-26_11h27.28.118,stroop task,,2025.1.1,60.03045942,2025-08-26 11h27.35.950456 +0530
,,,,,,,,,,,,,,,,,,,,,,,,,,,,,,55.3090465,55.3226181,56.3222626,56.3081586,pilot,1,2025-08-26_11h27.28.118,stroop task,,2025.1.1,60.03045942,2025-08-26 11h27.35.950456 +0530
