stair.thisTrialN,stair.stepSize,stair.intensity,thisRow.t,notes,trial.started,fixation.started,grating.started,key_resp.started,fixation.stopped,grating.stopped,trial.stopped,corrAns,tilt,key_resp.corr,stair.response,key_resp.rt,participant,session,date,expName,expVersion,psychopyVersion,frameRate,expStart
0,2,10,0.0346902,,0.01883,0.0346902,0.5029048,0.5029048,0.5510995,0.7993395,1.1112816,left,-10,1,1,0.5985474,633102,1,2025-09-04_11h18.42.470,adaptive staircase,,2025.1.1,60.11696364,2025-09-04 11h18.53.199944 +0530
1,2,8,1.1313188,,1.1114324,1.1313188,1.6157039,1.6157039,1.6329339,1.9153836,1.9829915,left,-8,1,1,0.355498,633102,1,2025-09-04_11h18.42.470,adaptive staircase,,2025.1.1,60.11696364,2025-09-04 11h18.53.199944 +0530
2,2,6,2.0185891,,1.9831231,2.0185891,2.4985765,2.4985765,2.536316,2.7990564,2.8539563,left,-6,1,1,0.3510932,633102,1,2025-09-04_11h18.42.470,adaptive staircase,,2025.1.1,60.11696364,2025-09-04 11h18.53.199944 +0530
3,2,4,2.8814818,,2.8540867,2.8814818,3.3654241,3.3654241,3.3815006,3.6648445,3.7523179,right,4,1,1,0.3832649,633102,1,2025-09-04_11h18.42.470,adaptive staircase,,2025.1.1,60.11696364,2025-09-04 11h18.53.199944 +0530
4,2,2,3.76481,,3.7524512,3.76481,4.2643277,4.2643277,4.2643277,4.5642561,4.7832561,left,-2,1,1,0.4859621,633102,1,2025-09-04_11h18.42.470,adaptive staircase,,2025.1.1,60.11696364,2025-09-04 11h18.53.199944 +0530
5,2,1,4.7982165,,4.7833892,4.7982165,5.2979956,5.2979956,5.2979956,5.6145092,5.7663446,left,-1,1,1,0.4622325,633102,1,2025-09-04_11h18.42.470,adaptive staircase,,2025.1.1,60.11696364,2025-09-04 11h18.53.199944 +0530
6,2,1,5.7808099,,5.7664561,5.7808099,6.2801266,6.2801266,6.2801266,6.5806895,6.7808612,right,1,1,1,0.4909703,633102,1,2025-09-04_11h18.42.470,adaptive staircase,,2025.1.1,60.11696364,2025-09-04 11h18.53.199944 +0530
7,2,1,6.7970899,,6.7809733,6.7970899,7.2811036,7.2811036,7.2974525,7.5810836,7.8511404,right,1,1,1,0.5543163,633102,1,2025-09-04_11h18.42.470,adaptive staircase,,2025.1.1,60.11696364,2025-09-04 11h18.53.199944 +0530
8,2,1,7.8673654,,7.8515834,7.8673654,8.362924,8.362924,8.379445,8.6631969,8.9299648,left,-1,1,1,0.5637473,633102,1,2025-09-04_11h18.42.470,adaptive staircase,,2025.1.1,60.11696364,2025-09-04 11h18.53.199944 +0530
9,1,1,8.9466006,,8.9301149,8.9466006,9.4298558,9.4298558,9.4469985,9.7327265,10.112925,right,1,0,0,0.6772518,633102,1,2025-09-04_11h18.42.470,adaptive staircase,,2025.1.1,60.11696364,2025-09-04 11h18.53.199944 +0530
10,1,2,10.12928,,10.1131151,10.12928,10.6158185,10.6158185,10.632424,10.9317258,11.3790893,right,2,1,1,0.7513199,633102,1,2025-09-04_11h18.42.470,adaptive staircase,,2025.1.1,60.11696364,2025-09-04 11h18.53.199944 +0530
11,1,2,11.3966172,,11.3792654,11.3966172,11.8959282,11.8959282,11.9109899,12.2113702,12.3461191,left,-2,1,1,0.4436214,633102,1,2025-09-04_11h18.42.470,adaptive staircase,,2025.1.1,60.11696364,2025-09-04 11h18.53.199944 +0530
12,1,2,12.3614922,,12.3465796,12.3614922,12.8612819,12.8612819,12.8612819,13.161089,13.3772696,right,2,0,0,0.5102452,633102,1,2025-09-04_11h18.42.470,adaptive staircase,,2025.1.1,60.11696364,2025-09-04 11h18.53.199944 +0530
13,1,3,13.3942656,,13.377393,13.3942656,13.8795452,13.8795452,13.894266,14.1801364,14.3105261,right,3,0,0,0.4271763,633102,1,2025-09-04_11h18.42.470,adaptive staircase,,2025.1.1,60.11696364,2025-09-04 11h18.53.199944 +0530
14,1,4,14.3273315,,14.3106399,14.3273315,14.8101564,14.8101564,14.8274746,15.1121071,15.2286777,left,-4,0,0,0.4044286,633102,1,2025-09-04_11h18.42.470,adaptive staircase,,2025.1.1,60.11696364,2025-09-04 11h18.53.199944 +0530
15,1,5,15.2453635,,15.2289918,15.2453635,15.7433558,15.7433558,15.7603117,16.0461415,16.2102358,right,5,1,1,0.4558535,633102,1,2025-09-04_11h18.42.470,adaptive staircase,,2025.1.1,60.11696364,2025-09-04 11h18.53.199944 +0530
16,1,5,16.2265994,,16.2103794,16.2265994,16.7102448,16.7102448,16.7264215,17.0093652,17.0922239,right,5,1,1,0.3722533,633102,1,2025-09-04_11h18.42.470,adaptive staircase,,2025.1.1,60.11696364,2025-09-04 11h18.53.199944 +0530
17,1,5,17.1092637,,17.0923357,17.1092637,17.5924987,17.5924987,17.6092612,17.8922623,17.9787245,right,5,1,1,0.382785,633102,1,2025-09-04_11h18.42.470,adaptive staircase,,2025.1.1,60.11696364,2025-09-04 11h18.53.199944 +0530
18,0.5,4,17.9947249,,17.979059,17.9947249,18.5586548,18.5586548,18.5586548,18.8610481,18.9754814,right,4,0,0,0.3998881,633102,1,2025-09-04_11h18.42.470,adaptive staircase,,2025.1.1,60.11696364,2025-09-04 11h18.53.199944 +0530
19,0.5,4.5,18.991776,,18.975606,18.991776,19.4744984,19.4744984,19.4912075,19.7755093,19.8247356,right,4.5,1,1,0.3482956,633102,1,2025-09-04_11h18.42.470,adaptive staircase,,2025.1.1,60.11696364,2025-09-04 11h18.53.199944 +0530
20,0.5,4.5,19.841364,,19.8248528,19.841364,20.3265905,20.3265905,20.3432659,20.6409152,20.7590826,left,-4.5,1,1,0.4245192,633102,1,2025-09-04_11h18.42.470,adaptive staircase,,2025.1.1,60.11696364,2025-09-04 11h18.53.199944 +0530
21,0.5,4.5,20.774526,,20.759338,20.774526,21.2737554,21.2737554,21.2737554,21.5736745,21.6922937,left,-4.5,1,1,0.4012808,633102,1,2025-09-04_11h18.42.470,adaptive staircase,,2025.1.1,60.11696364,2025-09-04 11h18.53.199944 +0530
22,0.5,4,21.7105492,,21.6925644,21.7105492,22.1938413,22.1938413,22.2102869,22.5074648,22.7068302,right,4,0,0,0.4968294,633102,1,2025-09-04_11h18.42.470,adaptive staircase,,2025.1.1,60.11696364,2025-09-04 11h18.53.199944 +0530
23,0.5,4.5,22.7227344,,22.7069672,22.7227344,23.2235467,23.2235467,23.2235467,23.5231856,23.8100006,left,-4.5,0,0,0.5837602,633102,1,2025-09-04_11h18.42.470,adaptive staircase,,2025.1.1,60.11696364,2025-09-04 11h18.53.199944 +0530
24,0.5,5,23.826269,,23.8103376,23.826269,24.3262058,24.3262058,24.3262058,24.6395145,24.7390705,left,-5,1,1,0.4090472,633102,1,2025-09-04_11h18.42.470,adaptive staircase,,2025.1.1,60.11696364,2025-09-04 11h18.53.199944 +0530
25,0.5,5,24.7558934,,24.739201,24.7558934,25.2391995,25.2391995,25.2555132,25.5389414,25.674612,left,-5,1,1,0.4208421,633102,1,2025-09-04_11h18.42.470,adaptive staircase,,2025.1.1,60.11696364,2025-09-04 11h18.53.199944 +0530
26,0.5,5,25.6913102,,25.6749254,25.6913102,26.1753445,26.1753445,26.1918665,26.487923,26.5714653,left,-5,1,1,0.392003,633102,1,2025-09-04_11h18.42.470,adaptive staircase,,2025.1.1,60.11696364,2025-09-04 11h18.53.199944 +0530
27,0.5,4.5,26.5887161,,26.5715906,26.5887161,27.0735094,27.0735094,27.090163,27.3735514,27.455235,left,-4.5,1,1,0.369415,633102,1,2025-09-04_11h18.42.470,adaptive staircase,,2025.1.1,60.11696364,2025-09-04 11h18.53.199944 +0530
28,0.5,4.5,27.4715818,,27.4553834,27.4715818,27.9548031,27.9548031,27.971581,28.2538678,28.4386144,right,4.5,1,1,0.4799642,633102,1,2025-09-04_11h18.42.470,adaptive staircase,,2025.1.1,60.11696364,2025-09-04 11h18.53.199944 +0530
29,0.5,4.5,28.4553981,,28.438831,28.4553981,28.9415249,28.9415249,28.9542237,29.2408711,29.3374257,left,-4.5,1,1,0.3931985,633102,1,2025-09-04_11h18.42.470,adaptive staircase,,2025.1.1,60.11696364,2025-09-04 11h18.53.199944 +0530
30,0.5,4,29.3538767,,29.3376223,29.3538767,29.8379174,29.8379174,29.8541264,30.1401998,30.4702766,right,4,1,1,0.6246386,633102,1,2025-09-04_11h18.42.470,adaptive staircase,,2025.1.1,60.11696364,2025-09-04 11h18.53.199944 +0530
31,0.5,4,30.4869881,,30.4704026,30.4869881,30.9700534,30.9700534,30.9868243,31.2698737,31.3532172,left,-4,1,1,0.36969,633102,1,2025-09-04_11h18.42.470,adaptive staircase,,2025.1.1,60.11696364,2025-09-04 11h18.53.199944 +0530
32,0.5,4,31.3697101,,31.3533396,31.3697101,31.853267,31.853267,31.8689128,32.1527985,32.2860538,right,4,1,1,0.4219475,633102,1,2025-09-04_11h18.42.470,adaptive staircase,,2025.1.1,60.11696364,2025-09-04 11h18.53.199944 +0530
33,0.5,3.5,32.3023404,,32.2861826,32.3023404,32.7879467,32.7879467,32.8023416,33.102377,33.1709382,right,3.5,1,1,0.3668341,633102,1,2025-09-04_11h18.42.470,adaptive staircase,,2025.1.1,60.11696364,2025-09-04 11h18.53.199944 +0530
34,0.5,3.5,33.1881466,,33.1711969,33.1881466,33.6864387,33.6864387,33.7031579,34.0016827,34.0693641,right,3.5,1,1,0.3766236,633102,1,2025-09-04_11h18.42.470,adaptive staircase,,2025.1.1,60.11696364,2025-09-04 11h18.53.199944 +0530
35,0.5,3.5,34.086612,,34.069588,34.086612,34.5700726,34.5700726,34.5874628,34.8710976,34.9853708,left,-3.5,0,0,0.4009436,633102,1,2025-09-04_11h18.42.470,adaptive staircase,,2025.1.1,60.11696364,2025-09-04 11h18.53.199944 +0530
36,0.5,4,35.0024414,,34.9855676,35.0024414,35.5026124,35.5026124,35.521114,35.80343,35.9671273,right,4,1,1,0.4640037,633102,1,2025-09-04_11h18.42.470,adaptive staircase,,2025.1.1,60.11696364,2025-09-04 11h18.53.199944 +0530
37,0.5,4,35.9836752,,35.9672406,35.9836752,36.4690451,36.4690451,36.4864399,36.7696849,36.9668265,right,4,1,1,0.4935133,633102,1,2025-09-04_11h18.42.470,adaptive staircase,,2025.1.1,60.11696364,2025-09-04 11h18.53.199944 +0530
38,0.5,4,36.9838043,,36.9669437,36.9838043,37.4701093,37.4701093,37.4858458,37.7837196,37.8694128,right,4,1,1,0.3937663,633102,1,2025-09-04_11h18.42.470,adaptive staircase,,2025.1.1,60.11696364,2025-09-04 11h18.53.199944 +0530
39,0.5,3.5,37.8858251,,37.8697496,37.8858251,38.3838931,38.3838931,38.4031345,38.6994073,38.8009792,right,3.5,1,1,0.4116809,633102,1,2025-09-04_11h18.42.470,adaptive staircase,,2025.1.1,60.11696364,2025-09-04 11h18.53.199944 +0530
40,0.5,3.5,38.8193734,,38.8012472,38.8193734,39.3024362,39.3024362,39.3190163,39.6006312,39.7686941,right,3.5,1,1,0.4568647,633102,1,2025-09-04_11h18.42.470,adaptive staircase,,2025.1.1,60.11696364,2025-09-04 11h18.53.199944 +0530
41,0.5,3.5,39.7848618,,39.7690416,39.7848618,40.2840275,40.2840275,40.2984552,40.5982896,40.6156652,right,3.5,1,1,0.3306047,633102,1,2025-09-04_11h18.42.470,adaptive staircase,,2025.1.1,60.11696364,2025-09-04 11h18.53.199944 +0530
42,0.5,3,40.6318966,,40.615814,40.6318966,41.1157802,41.1157802,41.1337691,41.4185027,41.5823472,left,-3,1,1,0.4594983,633102,1,2025-09-04_11h18.42.470,adaptive staircase,,2025.1.1,60.11696364,2025-09-04 11h18.53.199944 +0530
43,0.5,3,41.5991624,,41.5825407,41.5991624,42.0817506,42.0817506,42.0984769,42.3839762,42.6349018,right,3,1,1,0.5426755,633102,1,2025-09-04_11h18.42.470,adaptive staircase,,2025.1.1,60.11696364,2025-09-04 11h18.53.199944 +0530
44,0.5,3,42.6473216,,42.635333,42.6473216,43.1470766,43.1470766,43.1470766,43.4494093,43.5340083,right,3,1,1,0.3848518,633102,1,2025-09-04_11h18.42.470,adaptive staircase,,2025.1.1,60.11696364,2025-09-04 11h18.53.199944 +0530
45,0.5,2.5,43.5492138,,43.5342965,43.5492138,44.0468076,44.0468076,44.0468076,44.3473232,44.4477527,right,2.5,1,1,0.4000635,633102,1,2025-09-04_11h18.42.470,adaptive staircase,,2025.1.1,60.11696364,2025-09-04 11h18.53.199944 +0530
46,0.5,2.5,44.4642127,,44.44792,44.4642127,44.9641625,44.9641625,44.9641625,45.2634299,45.4971362,left,-2.5,1,1,0.518979,633102,1,2025-09-04_11h18.42.470,adaptive staircase,,2025.1.1,60.11696364,2025-09-04 11h18.53.199944 +0530
47,0.5,2.5,45.5141939,,45.4973486,45.5141939,45.9971035,45.9971035,46.0138852,46.2966543,46.4467504,left,-2.5,1,1,0.4461494,633102,1,2025-09-04_11h18.42.470,adaptive staircase,,2025.1.1,60.11696364,2025-09-04 11h18.53.199944 +0530
48,0.5,2,46.4630586,,46.4468755,46.4630586,46.9460077,46.9460077,46.9629817,47.2470939,47.4828015,right,2,1,1,0.5258115,633102,1,2025-09-04_11h18.42.470,adaptive staircase,,2025.1.1,60.11696364,2025-09-04 11h18.53.199944 +0530
49,0.5,2,47.4983671,,47.4832063,47.4983671,47.9962168,47.9962168,48.0146194,48.312278,48.3629171,right,2,1,1,0.3504034,633102,1,2025-09-04_11h18.42.470,adaptive staircase,,2025.1.1,60.11696364,2025-09-04 11h18.53.199944 +0530
50,0.5,2,48.379647,,48.3631076,48.379647,48.8641599,48.8641599,48.8812486,49.3290579,49.3144314,right,2,1,1,0.442344,633102,1,2025-09-04_11h18.42.470,adaptive staircase,,2025.1.1,60.11696364,2025-09-04 11h18.53.199944 +0530
51,0.5,1.5,49.3290579,,49.3145365,49.3290579,49.8304551,49.8304551,49.8304551,50.1303543,50.3619022,left,-1.5,1,1,0.5165237,633102,1,2025-09-04_11h18.42.470,adaptive staircase,,2025.1.1,60.11696364,2025-09-04 11h18.53.199944 +0530
52,0.5,1.5,50.3777169,,50.3620836,50.3777169,50.8612412,50.8612412,50.8779443,51.161123,51.2610618,left,-1.5,1,1,0.3979483,633102,1,2025-09-04_11h18.42.470,adaptive staircase,,2025.1.1,60.11696364,2025-09-04 11h18.53.199944 +0530
53,0.5,1.5,51.2774762,,51.2611864,51.2774762,51.763801,51.763801,51.7767178,52.0773346,52.1480891,right,1.5,0,0,0.3795694,633102,1,2025-09-04_11h18.42.470,adaptive staircase,,2025.1.1,60.11696364,2025-09-04 11h18.53.199944 +0530
54,0.5,2,52.1639721,,52.1485126,52.1639721,52.6636653,52.6636653,52.680259,52.9766264,53.1774451,right,2,0,0,0.4993123,633102,1,2025-09-04_11h18.42.470,adaptive staircase,,2025.1.1,60.11696364,2025-09-04 11h18.53.199944 +0530
55,0.5,2.5,53.193036,,53.1776451,53.193036,53.6931343,53.6931343,53.6931343,53.9935192,54.0770778,right,2.5,1,1,0.3699312,633102,1,2025-09-04_11h18.42.470,adaptive staircase,,2025.1.1,60.11696364,2025-09-04 11h18.53.199944 +0530
56,0.5,2.5,54.0944096,,54.0772737,54.0944096,54.5922878,54.5922878,54.6089989,54.8925766,55.3087158,right,2.5,1,1,0.7022562,633102,1,2025-09-04_11h18.42.470,adaptive staircase,,2025.1.1,60.11696364,2025-09-04 11h18.53.199944 +0530
57,0.5,2.5,55.3254197,,55.3088404,55.3254197,55.8088192,55.8088192,55.8255733,56.1095833,56.2589852,right,2.5,0,0,0.4465391,633102,1,2025-09-04_11h18.42.470,adaptive staircase,,2025.1.1,60.11696364,2025-09-04 11h18.53.199944 +0530
58,0.5,3,56.2749981,,56.2591592,56.2749981,56.7587083,56.7587083,56.7751771,57.0588562,57.141954,right,3,1,1,0.3680557,633102,1,2025-09-04_11h18.42.470,adaptive staircase,,2025.1.1,60.11696364,2025-09-04 11h18.53.199944 +0530
59,0.5,3,57.1584152,,57.1421314,57.1584152,57.645562,57.645562,57.6584304,57.9578049,58.1580588,left,-3,1,1,0.5057597,633102,1,2025-09-04_11h18.42.470,adaptive staircase,,2025.1.1,60.11696364,2025-09-04 11h18.53.199944 +0530
60,0.5,3,58.1744963,,58.1581773,58.1744963,58.6576138,58.6576138,58.6744239,58.9582575,59.0744549,left,-3,1,1,0.4052259,633102,1,2025-09-04_11h18.42.470,adaptive staircase,,2025.1.1,60.11696364,2025-09-04 11h18.53.199944 +0530
61,0.5,2.5,59.0906568,,59.0745828,59.0906568,59.5934934,59.5934934,59.5934934,59.8931448,60.3942207,right,2.5,1,1,0.7941262,633102,1,2025-09-04_11h18.42.470,adaptive staircase,,2025.1.1,60.11696364,2025-09-04 11h18.53.199944 +0530
62,0.5,2.5,60.4098899,,60.3946278,60.4098899,60.9091611,60.9091611,60.9091611,61.2230245,61.3751782,left,-2.5,1,1,0.4504736,633102,1,2025-09-04_11h18.42.470,adaptive staircase,,2025.1.1,60.11696364,2025-09-04 11h18.53.199944 +0530
63,0.5,2.5,61.3890285,,61.3754618,61.3890285,61.8896274,61.8896274,61.8896274,62.1918011,62.6388125,left,-2.5,0,0,0.7331894,633102,1,2025-09-04_11h18.42.470,adaptive staircase,,2025.1.1,60.11696364,2025-09-04 11h18.53.199944 +0530
64,0.5,3,62.6557842,,62.6389291,62.6557842,63.139314,63.139314,63.1553148,63.4392858,63.8583282,right,3,0,0,0.7162442,633102,1,2025-09-04_11h18.42.470,adaptive staircase,,2025.1.1,60.11696364,2025-09-04 11h18.53.199944 +0530
65,0.5,3.5,63.8739068,,63.8586423,63.8739068,64.372822,64.372822,64.372822,64.673613,64.8554363,left,-3.5,1,1,0.4703737,633102,1,2025-09-04_11h18.42.470,adaptive staircase,,2025.1.1,60.11696364,2025-09-04 11h18.53.199944 +0530
66,0.5,3.5,64.8733947,,64.8556268,64.8733947,65.3551224,65.3551224,65.3874729,65.654662,65.7211802,right,3.5,1,1,0.3602108,633102,1,2025-09-04_11h18.42.470,adaptive staircase,,2025.1.1,60.11696364,2025-09-04 11h18.53.199944 +0530
67,0.5,3.5,65.7384796,,65.7213723,65.7384796,66.2221636,66.2221636,66.2390201,66.5231388,66.6378678,left,-3.5,1,1,0.4125205,633102,1,2025-09-04_11h18.42.470,adaptive staircase,,2025.1.1,60.11696364,2025-09-04 11h18.53.199944 +0530
68,0.5,3,66.6545902,,66.638073,66.6545902,67.1395247,67.1395247,67.1561136,67.4402354,67.6037262,left,-3,1,1,0.4557154,633102,1,2025-09-04_11h18.42.470,adaptive staircase,,2025.1.1,60.11696364,2025-09-04 11h18.53.199944 +0530
69,0.5,3,67.6201033,,67.6038439,67.6201033,68.1054436,68.1054436,68.1220951,68.4067906,68.554243,right,3,1,1,0.4335781,633102,1,2025-09-04_11h18.42.470,adaptive staircase,,2025.1.1,60.11696364,2025-09-04 11h18.53.199944 +0530
70,0.5,3,68.5711224,,68.5545076,68.5711224,69.0563779,69.0563779,69.0698077,69.3687855,69.4193957,left,-3,0,0,0.3504675,633102,1,2025-09-04_11h18.42.470,adaptive staircase,,2025.1.1,60.11696364,2025-09-04 11h18.53.199944 +0530
71,0.5,3.5,69.4360142,,69.419522,69.4360142,69.9195378,69.9195378,69.9362177,70.2213666,70.335246,left,-3.5,1,1,0.4127281,633102,1,2025-09-04_11h18.42.470,adaptive staircase,,2025.1.1,60.11696364,2025-09-04 11h18.53.199944 +0530
72,0.5,3.5,70.3518031,,70.3353566,70.3518031,70.8358162,70.8358162,70.852526,71.1386646,71.2039013,left,-3.5,1,1,0.363483,633102,1,2025-09-04_11h18.42.470,adaptive staircase,,2025.1.1,60.11696364,2025-09-04 11h18.53.199944 +0530
73,0.5,3.5,71.2199241,,71.2041316,71.2199241,71.7184947,71.7184947,71.735393,72.0186328,72.1707258,right,3.5,1,1,0.4487796,633102,1,2025-09-04_11h18.42.470,adaptive staircase,,2025.1.1,60.11696364,2025-09-04 11h18.53.199944 +0530
74,0.5,3,72.1846056,,72.1710015,72.1846056,72.6843809,72.6843809,72.6843809,72.9848141,73.1507961,left,-3,1,1,0.4582179,633102,1,2025-09-04_11h18.42.470,adaptive staircase,,2025.1.1,60.11696364,2025-09-04 11h18.53.199944 +0530
75,0.5,3,73.1679006,,73.1509081,73.1679006,73.6506018,73.6506018,73.6670795,73.950886,74.0510933,right,3,1,1,0.3962422,633102,1,2025-09-04_11h18.42.470,adaptive staircase,,2025.1.1,60.11696364,2025-09-04 11h18.53.199944 +0530
76,0.5,3,74.0673787,,74.0512067,74.0673787,74.550658,74.550658,74.5674816,74.8518378,74.9666102,left,-3,1,1,0.4045899,633102,1,2025-09-04_11h18.42.470,adaptive staircase,,2025.1.1,60.11696364,2025-09-04 11h18.53.199944 +0530
77,0.5,2.5,74.9828853,,74.9667359,74.9828853,75.4663814,75.4663814,75.4837108,75.7667677,75.8831483,right,2.5,1,1,0.4162668,633102,1,2025-09-04_11h18.42.470,adaptive staircase,,2025.1.1,60.11696364,2025-09-04 11h18.53.199944 +0530
78,0.5,2.5,75.9004746,,75.8833137,75.9004746,76.3853429,76.3853429,76.3995664,76.699706,76.7992757,right,2.5,0,0,0.4097853,633102,1,2025-09-04_11h18.42.470,adaptive staircase,,2025.1.1,60.11696364,2025-09-04 11h18.53.199944 +0530
79,0.5,3,76.8164203,,76.7994275,76.8164203,77.3011002,77.3011002,77.3179465,77.6160921,78.0492497,left,-3,1,1,0.7374869,633102,1,2025-09-04_11h18.42.470,adaptive staircase,,2025.1.1,60.11696364,2025-09-04 11h18.53.199944 +0530
80,0.5,3,78.0656097,,78.0493596,78.0656097,78.5493403,78.5493403,78.5649828,78.8488078,78.9489807,right,3,1,1,0.3858195,633102,1,2025-09-04_11h18.42.470,adaptive staircase,,2025.1.1,60.11696364,2025-09-04 11h18.53.199944 +0530
81,0.5,3,78.9648966,,78.9491764,78.9648966,79.4482695,79.4482695,79.465339,79.7484566,81.6478926,right,3,1,1,2.1986992,633102,1,2025-09-04_11h18.42.470,adaptive staircase,,2025.1.1,60.11696364,2025-09-04 11h18.53.199944 +0530
82,0.5,2.5,81.6645349,,81.6480527,81.6645349,82.1495947,82.1495947,82.1664725,82.4487155,82.5973683,right,2.5,1,1,0.4376851,633102,1,2025-09-04_11h18.42.470,adaptive staircase,,2025.1.1,60.11696364,2025-09-04 11h18.53.199944 +0530
83,0.5,2.5,82.6142891,,82.5975907,82.6142891,83.1128608,83.1128608,83.1294542,83.4157086,83.6486979,left,-2.5,1,1,0.5303086,633102,1,2025-09-04_11h18.42.470,adaptive staircase,,2025.1.1,60.11696364,2025-09-04 11h18.53.199944 +0530
84,0.5,2.5,83.6629565,,83.6490286,83.6629565,84.1622339,84.1622339,84.1622339,84.4628901,84.8142554,left,-2.5,0,0,0.6462871,633102,1,2025-09-04_11h18.42.470,adaptive staircase,,2025.1.1,60.11696364,2025-09-04 11h18.53.199944 +0530
85,0.5,3,84.8285528,,84.8143865,84.8285528,85.329504,85.329504,85.329504,85.6284773,85.7960168,right,3,0,0,0.4652656,633102,1,2025-09-04_11h18.42.470,adaptive staircase,,2025.1.1,60.11696364,2025-09-04 11h18.53.199944 +0530
86,0.5,3.5,85.8123935,,85.7961467,85.8123935,86.31203,86.31203,86.31203,86.6112692,86.7956906,right,3.5,1,1,0.4751524,633102,1,2025-09-04_11h18.42.470,adaptive staircase,,2025.1.1,60.11696364,2025-09-04 11h18.53.199944 +0530
87,0.5,3.5,86.8132666,,86.7958643,86.8132666,87.3131795,87.3131795,87.3304351,87.6277165,87.9118411,right,3.5,1,1,0.5902009,633102,1,2025-09-04_11h18.42.470,adaptive staircase,,2025.1.1,60.11696364,2025-09-04 11h18.53.199944 +0530
88,0.5,3.5,87.9278581,,87.9119524,87.9278581,88.4114049,88.4114049,88.428543,88.7129249,88.894732,right,3.5,1,1,0.4796904,633102,1,2025-09-04_11h18.42.470,adaptive staircase,,2025.1.1,60.11696364,2025-09-04 11h18.53.199944 +0530
89,0.5,3,88.9110031,,88.8948875,88.9110031,89.3934656,89.3934656,89.4101859,89.6935423,89.8791607,right,3,1,1,0.4781543,633102,1,2025-09-04_11h18.42.470,adaptive staircase,,2025.1.1,60.11696364,2025-09-04 11h18.53.199944 +0530
90,0.5,3,89.8957655,,89.8794694,89.8957655,90.3965761,90.3965761,90.3965761,90.7101272,90.7438034,left,-3,0,0,0.3354955,633102,1,2025-09-04_11h18.42.470,adaptive staircase,,2025.1.1,60.11696364,2025-09-04 11h18.53.199944 +0530
91,0.5,3.5,90.7602582,,90.7439376,90.7602582,91.2435973,91.2435973,91.2604589,91.5451949,91.7451562,left,-3.5,1,1,0.5001759,633102,1,2025-09-04_11h18.42.470,adaptive staircase,,2025.1.1,60.11696364,2025-09-04 11h18.53.199944 +0530
92,0.5,3.5,91.7606952,,91.7454227,91.7606952,92.2460671,92.2460671,92.2594576,92.5610891,92.6610925,left,-3.5,1,1,0.4049093,633102,1,2025-09-04_11h18.42.470,adaptive staircase,,2025.1.1,60.11696364,2025-09-04 11h18.53.199944 +0530
93,0.5,3.5,92.677263,,92.6613586,92.677263,93.1754786,93.1754786,93.1924535,93.477478,93.6289197,right,3.5,1,1,0.4401754,633102,1,2025-09-04_11h18.42.470,adaptive staircase,,2025.1.1,60.11696364,2025-09-04 11h18.53.199944 +0530
94,0.5,3,93.6445415,,93.6293382,93.6445415,94.1284293,94.1284293,94.1449869,94.4410083,94.5084958,left,-3,1,1,0.3748752,633102,1,2025-09-04_11h18.42.470,adaptive staircase,,2025.1.1,60.11696364,2025-09-04 11h18.53.199944 +0530
95,0.5,3,94.5246067,,94.5086369,94.5246067,95.0087278,95.0087278,95.0278754,95.3112348,95.4283982,right,3,1,1,0.4070506,633102,1,2025-09-04_11h18.42.470,adaptive staircase,,2025.1.1,60.11696364,2025-09-04 11h18.53.199944 +0530
96,0.5,3,95.4413449,,95.4288084,95.4413449,95.9414634,95.9414634,95.9414634,96.2443851,96.3578048,right,3,1,1,0.409888,633102,1,2025-09-04_11h18.42.470,adaptive staircase,,2025.1.1,60.11696364,2025-09-04 11h18.53.199944 +0530
97,0.5,2.5,96.374352,,96.3579232,96.374352,96.8578597,96.8578597,96.8757571,97.1572816,97.2736285,right,2.5,1,1,0.4006931,633102,1,2025-09-04_11h18.42.470,adaptive staircase,,2025.1.1,60.11696364,2025-09-04 11h18.53.199944 +0530
98,0.5,2.5,97.2899443,,97.2737404,97.2899443,97.7739328,97.7739328,97.7905159,98.0736701,98.290486,left,-2.5,1,1,0.5054853,633102,1,2025-09-04_11h18.42.470,adaptive staircase,,2025.1.1,60.11696364,2025-09-04 11h18.53.199944 +0530
99,0.5,2.5,98.3064502,,98.290618,98.3064502,98.7925925,98.7925925,98.8066667,99.106416,99.2581463,right,2.5,1,1,0.4550129,633102,1,2025-09-04_11h18.42.470,adaptive staircase,,2025.1.1,60.11696364,2025-09-04 11h18.53.199944 +0530
