pos,corr_resp,thisN,thisTrialN,thisRepN,key_resp.keys,key_resp.corr,key_resp.rt,key_resp.duration,trials.thisRepN,trials.thisTrialN,trials.thisN,trials.thisIndex,trials_2.thisRepN,trials_2.thisTrialN,trials_2.thisN,trials_2.thisIndex,thisRow.t,notes,trial.started,fixation.started,line1.started,line2.started,line3.started,line4.started,fixation.stopped,probe.started,key_resp.started,trial.stopped,trials.key_resp.keys,trials.key_resp.corr,trials.key_resp.rt,trials.key_resp.duration,trials_2.key_resp.keys,trials_2.key_resp.corr,trials_2.key_resp.rt,trials_2.key_resp.duration,participant,session,date,expName,expVersion,psychopyVersion,frameRate,expStart
-50,x,0,0,0,x,1,0.5288553,None,0,0,0,0,,,,,0.0155131,,0.0113626,0.0155131,1.0048176,1.0048176,1.0048176,1.0048176,1.0214457,2.0043684,2.0043684,2.5491809,x,1,0.5288553,None,,,,,F1,1,2025-10-07_14h28.42.423,Motor Sequence Learning,,2025.1.1,60.01842562,2025-10-07 14h28.53.628119 +0530
150,v,1,1,0,v,1,0.4273074,None,0,1,1,1,,,,,2.5540791,,2.5494406,2.5540791,3.5537044,3.5537044,3.5537044,3.5537044,3.5537044,4.5534269,4.5534269,4.986833,v,1,0.4273074,None,,,,,F1,1,2025-10-07_14h28.42.423,Motor Sequence Learning,,2025.1.1,60.01842562,2025-10-07 14h28.53.628119 +0530
50,c,2,2,0,c,1,0.5226396,None,0,2,2,2,,,,,5.0030257,,4.9870843,5.0030257,5.9859381,5.9859381,5.9859381,5.9859381,6.0025709,7.0020909,7.0020909,7.5356423,c,1,0.5226396,None,,,,,F1,1,2025-10-07_14h28.42.423,Motor Sequence Learning,,2025.1.1,60.01842562,2025-10-07 14h28.53.628119 +0530
-150,z,3,3,0,z,1,0.3575869,None,0,3,3,3,,,,,7.5518655,,7.5359291,7.5518655,8.5348022,8.5348022,8.5348022,8.5348022,8.5514312,9.5510141,9.5510141,9.9178859,z,1,0.3575869,None,,,,,F1,1,2025-10-07_14h28.42.423,Motor Sequence Learning,,2025.1.1,60.01842562,2025-10-07 14h28.53.628119 +0530
-50,x,4,0,1,x,1,0.3553969,None,1,0,4,0,,,,,9.9342369,,9.9181767,9.9342369,10.9171309,10.9171309,10.9171309,10.9171309,10.9337878,11.9333411,11.9333411,12.3001352,x,1,0.3553969,None,,,,,F1,1,2025-10-07_14h28.42.423,Motor Sequence Learning,,2025.1.1,60.01842562,2025-10-07 14h28.53.628119 +0530
150,v,5,1,1,v,1,0.4174091,None,1,1,5,1,,,,,12.3163871,,12.3004196,12.3163871,13.2992789,13.2992789,13.2992789,13.2992789,13.3159539,14.3154773,14.3154773,14.7490359,v,1,0.4174091,None,,,,,F1,1,2025-10-07_14h28.42.423,Motor Sequence Learning,,2025.1.1,60.01842562,2025-10-07 14h28.53.628119 +0530
50,c,6,2,1,c,1,0.3279712,None,1,2,6,2,,,,,14.7653265,,14.7492828,14.7653265,15.748301,15.748301,15.748301,15.748301,15.7649043,16.7645285,16.7645285,17.0979368,c,1,0.3279712,None,,,,,F1,1,2025-10-07_14h28.42.423,Motor Sequence Learning,,2025.1.1,60.01842562,2025-10-07 14h28.53.628119 +0530
-150,z,7,3,1,z,1,0.4589085,None,1,3,7,3,,,,,17.1148429,,17.0982187,17.1148429,18.0972285,18.0972285,18.0972285,18.0972285,18.1139476,19.1138661,19.1138661,19.5801485,z,1,0.4589085,None,,,,,F1,1,2025-10-07_14h28.42.423,Motor Sequence Learning,,2025.1.1,60.01842562,2025-10-07 14h28.53.628119 +0530
-50,x,8,0,2,x,1,0.3982154,None,2,0,8,0,,,,,19.5965554,,19.580381,19.5965554,20.5794661,20.5794661,20.5794661,20.5794661,20.5960482,21.5796625,21.5796625,21.9800746,x,1,0.3982154,None,,,,,F1,1,2025-10-07_14h28.42.423,Motor Sequence Learning,,2025.1.1,60.01842562,2025-10-07 14h28.53.628119 +0530
150,v,9,1,2,v,1,0.4785256,None,2,1,9,1,,,,,21.9957861,,21.9806737,21.9957861,22.9957466,22.9957466,22.9957466,22.9957466,22.9957466,23.995052,23.995052,24.479245,v,1,0.4785256,None,,,,,F1,1,2025-10-07_14h28.42.423,Motor Sequence Learning,,2025.1.1,60.01842562,2025-10-07 14h28.53.628119 +0530
50,c,10,2,2,c,1,0.519108,None,2,2,10,2,,,,,24.494606,,24.4800904,24.494606,25.4949866,25.4949866,25.4949866,25.4949866,25.4949866,26.4939174,26.4939174,27.0273188,c,1,0.519108,None,,,,,F1,1,2025-10-07_14h28.42.423,Motor Sequence Learning,,2025.1.1,60.01842562,2025-10-07 14h28.53.628119 +0530
-150,z,11,3,2,z,1,0.4910527,None,2,3,11,3,,,,,27.0432279,,27.0277864,27.0432279,28.0270262,28.0270262,28.0270262,28.0270262,28.0437889,29.0429477,29.0429477,29.5444292,z,1,0.4910527,None,,,,,F1,1,2025-10-07_14h28.42.423,Motor Sequence Learning,,2025.1.1,60.01842562,2025-10-07 14h28.53.628119 +0530
-50,x,12,0,3,x,1,0.3188554,None,3,0,12,0,,,,,29.5587816,,29.5452903,29.5587816,30.5591034,30.5591034,30.5591034,30.5591034,30.5591034,31.558559,31.558559,31.8920537,x,1,0.3188554,None,,,,,F1,1,2025-10-07_14h28.42.423,Motor Sequence Learning,,2025.1.1,60.01842562,2025-10-07 14h28.53.628119 +0530
150,v,13,1,3,v,1,0.518541,None,3,1,13,1,,,,,31.9078131,,31.8926501,31.9078131,32.9079673,32.9079673,32.9079673,32.9079673,32.9079673,33.9077532,33.9077532,34.4401246,v,1,0.518541,None,,,,,F1,1,2025-10-07_14h28.42.423,Motor Sequence Learning,,2025.1.1,60.01842562,2025-10-07 14h28.53.628119 +0530
50,c,14,2,3,c,1,0.4221187,None,3,2,14,2,,,,,34.4575781,,34.4403144,34.4575781,35.4399191,35.4399191,35.4399191,35.4399191,35.4570145,36.4397809,36.4397809,36.8737051,c,1,0.4221187,None,,,,,F1,1,2025-10-07_14h28.42.423,Motor Sequence Learning,,2025.1.1,60.01842562,2025-10-07 14h28.53.628119 +0530
-150,z,15,3,3,z,1,0.4487609,None,3,3,15,3,,,,,36.8889137,,36.874538,36.8889137,37.8894054,37.8894054,37.8894054,37.8894054,37.8894054,38.8885208,38.8885208,39.3389337,z,1,0.4487609,None,,,,,F1,1,2025-10-07_14h28.42.423,Motor Sequence Learning,,2025.1.1,60.01842562,2025-10-07 14h28.53.628119 +0530
-50,x,16,0,4,x,1,0.3305705,None,4,0,16,0,,,,,39.3546958,,39.3396678,39.3546958,40.3383568,40.3383568,40.3383568,40.3383568,40.3551109,41.3541694,41.3541694,41.6871409,x,1,0.3305705,None,,,,,F1,1,2025-10-07_14h28.42.423,Motor Sequence Learning,,2025.1.1,60.01842562,2025-10-07 14h28.53.628119 +0530
150,v,17,1,4,v,1,0.4419845,None,4,1,17,1,,,,,41.7035327,,41.6873509,41.7035327,42.6870366,42.6870366,42.6870366,42.6870366,42.703662,43.7031227,43.7031227,44.1541197,v,1,0.4419845,None,,,,,F1,1,2025-10-07_14h28.42.423,Motor Sequence Learning,,2025.1.1,60.01842562,2025-10-07 14h28.53.628119 +0530
50,c,18,2,4,c,1,0.6133785,None,4,2,18,2,,,,,44.1692963,,44.1548134,44.1692963,45.1690387,45.1690387,45.1690387,45.1690387,45.1690387,46.1688285,46.1688285,46.7859474,c,1,0.6133785,None,,,,,F1,1,2025-10-07_14h28.42.423,Motor Sequence Learning,,2025.1.1,60.01842562,2025-10-07 14h28.53.628119 +0530
-150,z,19,3,4,z,1,0.4443837,None,4,3,19,3,,,,,46.8014693,,46.7868971,46.8014693,47.8017992,47.8017992,47.8017992,47.8017992,47.8017992,48.8011434,48.8011434,49.2515837,z,1,0.4443837,None,,,,,F1,1,2025-10-07_14h28.42.423,Motor Sequence Learning,,2025.1.1,60.01842562,2025-10-07 14h28.53.628119 +0530
-50,x,20,0,5,x,1,0.3069379,None,5,0,20,0,,,,,49.266907,,49.2524122,49.266907,50.2675185,50.2675185,50.2675185,50.2675185,50.2675185,51.2668877,51.2668877,51.5838684,x,1,0.3069379,None,,,,,F1,1,2025-10-07_14h28.42.423,Motor Sequence Learning,,2025.1.1,60.01842562,2025-10-07 14h28.53.628119 +0530
150,v,21,1,5,v,1,0.4543184,None,5,1,21,1,,,,,51.5998383,,51.5847057,51.5998383,52.5993547,52.5993547,52.5993547,52.5993547,52.5993547,53.5991892,53.5991892,54.0665553,v,1,0.4543184,None,,,,,F1,1,2025-10-07_14h28.42.423,Motor Sequence Learning,,2025.1.1,60.01842562,2025-10-07 14h28.53.628119 +0530
50,c,22,2,5,c,1,0.3203838,None,5,2,22,2,,,,,54.0812538,,54.0673987,54.0812538,55.0808398,55.0808398,55.0808398,55.0808398,55.0808398,56.0803816,56.0803816,56.4144873,c,1,0.3203838,None,,,,,F1,1,2025-10-07_14h28.42.423,Motor Sequence Learning,,2025.1.1,60.01842562,2025-10-07 14h28.53.628119 +0530
-150,z,23,3,5,z,1,0.5123613,None,5,3,23,3,,,,,56.43028,,56.4147149,56.43028,57.4136845,57.4136845,57.4136845,57.4136845,57.4303359,58.4297129,58.4297129,58.9479008,z,1,0.5123613,None,,,,,F1,1,2025-10-07_14h28.42.423,Motor Sequence Learning,,2025.1.1,60.01842562,2025-10-07 14h28.53.628119 +0530
-50,x,24,0,6,x,1,0.2907209,None,6,0,24,0,,,,,58.9625039,,58.9487526,58.9625039,59.9630385,59.9630385,59.9630385,59.9630385,59.9630385,60.9625605,60.9625605,61.2626611,x,1,0.2907209,None,,,,,F1,1,2025-10-07_14h28.42.423,Motor Sequence Learning,,2025.1.1,60.01842562,2025-10-07 14h28.53.628119 +0530
150,v,25,1,6,c,0,0.6438448,None,6,1,25,1,,,,,61.2783106,,61.2628578,61.2783106,62.2784482,62.2784482,62.2784482,62.2784482,62.2784482,63.2778053,63.2778053,63.9283519,c,0,0.6438448,None,,,,,F1,1,2025-10-07_14h28.42.423,Motor Sequence Learning,,2025.1.1,60.01842562,2025-10-07 14h28.53.628119 +0530
50,c,26,2,6,c,1,0.5823331,None,6,2,26,2,,,,,63.9436279,,63.9292177,63.9436279,64.9441363,64.9441363,64.9441363,64.9441363,64.9441363,65.9435479,65.9435479,66.5272978,c,1,0.5823331,None,,,,,F1,1,2025-10-07_14h28.42.423,Motor Sequence Learning,,2025.1.1,60.01842562,2025-10-07 14h28.53.628119 +0530
-150,z,27,3,6,z,1,0.5870869,None,6,3,27,3,,,,,66.5424318,,66.5281276,66.5424318,67.542189,67.542189,67.542189,67.542189,67.542189,68.5423729,68.5423729,69.1425059,z,1,0.5870869,None,,,,,F1,1,2025-10-07_14h28.42.423,Motor Sequence Learning,,2025.1.1,60.01842562,2025-10-07 14h28.53.628119 +0530
-50,x,28,0,7,x,1,0.4682536,None,7,0,28,0,,,,,69.1582259,,69.1432945,69.1582259,70.1579225,70.1579225,70.1579225,70.1579225,70.1579225,71.1575769,71.1575769,71.6407106,x,1,0.4682536,None,,,,,F1,1,2025-10-07_14h28.42.423,Motor Sequence Learning,,2025.1.1,60.01842562,2025-10-07 14h28.53.628119 +0530
150,v,29,1,7,v,1,0.7300391,None,7,1,29,1,,,,,71.6579232,,71.6408979,71.6579232,72.6401474,72.6401474,72.6401474,72.6401474,72.6734062,73.6396885,73.6396885,74.3732939,v,1,0.7300391,None,,,,,F1,1,2025-10-07_14h28.42.423,Motor Sequence Learning,,2025.1.1,60.01842562,2025-10-07 14h28.53.628119 +0530
50,c,30,2,7,c,1,0.4918688,None,7,2,30,2,,,,,74.3892366,,74.3739231,74.3892366,75.3722658,75.3722658,75.3722658,75.3722658,75.3890897,76.3888891,76.3888891,76.8887419,c,1,0.4918688,None,,,,,F1,1,2025-10-07_14h28.42.423,Motor Sequence Learning,,2025.1.1,60.01842562,2025-10-07 14h28.53.628119 +0530
-150,z,31,3,7,z,1,0.6291794,None,7,3,31,3,,,,,76.9053789,,76.8890789,76.9053789,77.8880329,77.8880329,77.8880329,77.8880329,77.9048996,78.9044255,78.9044255,79.5376912,z,1,0.6291794,None,,,,,F1,1,2025-10-07_14h28.42.423,Motor Sequence Learning,,2025.1.1,60.01842562,2025-10-07 14h28.53.628119 +0530
-50,x,32,0,8,x,1,0.600597,None,8,0,32,0,,,,,79.5541512,,79.5379373,79.5541512,80.5369983,80.5369983,80.5369983,80.5369983,80.5537452,81.55348,81.55348,82.1693491,x,1,0.600597,None,,,,,F1,1,2025-10-07_14h28.42.423,Motor Sequence Learning,,2025.1.1,60.01842562,2025-10-07 14h28.53.628119 +0530
150,v,33,1,8,v,1,0.4524068,None,8,1,33,1,,,,,82.1864999,,82.1695337,82.1864999,83.1688727,83.1688727,83.1688727,83.1688727,83.1858856,84.1684186,84.1684186,84.6347681,v,1,0.4524068,None,,,,,F1,1,2025-10-07_14h28.42.423,Motor Sequence Learning,,2025.1.1,60.01842562,2025-10-07 14h28.53.628119 +0530
50,c,34,2,8,c,1,0.4797916,None,8,2,34,2,,,,,84.6514038,,84.6349782,84.6514038,85.6342667,85.6342667,85.6342667,85.6342667,85.6514909,86.6339914,86.6339914,87.1180839,c,1,0.4797916,None,,,,,F1,1,2025-10-07_14h28.42.423,Motor Sequence Learning,,2025.1.1,60.01842562,2025-10-07 14h28.53.628119 +0530
-150,z,35,3,8,z,1,0.4324348,None,8,3,35,3,,,,,87.1335205,,87.1187882,87.1335205,88.1338977,88.1338977,88.1338977,88.1338977,88.1338977,89.1330236,89.1330236,89.567151,z,1,0.4324348,None,,,,,F1,1,2025-10-07_14h28.42.423,Motor Sequence Learning,,2025.1.1,60.01842562,2025-10-07 14h28.53.628119 +0530
-50,x,36,0,9,x,1,0.2989615,None,9,0,36,0,,,,,89.5830114,,89.5677986,89.5830114,90.5826138,90.5826138,90.5826138,90.5826138,90.5826138,91.5820311,91.5820311,91.881941,x,1,0.2989615,None,,,,,F1,1,2025-10-07_14h28.42.423,Motor Sequence Learning,,2025.1.1,60.01842562,2025-10-07 14h28.53.628119 +0530
150,v,37,1,9,v,1,0.5729345,None,9,1,37,1,,,,,91.8986878,,91.8824123,91.8986878,92.881203,92.881203,92.881203,92.881203,92.8982635,93.8809057,93.8809057,94.4654064,v,1,0.5729345,None,,,,,F1,1,2025-10-07_14h28.42.423,Motor Sequence Learning,,2025.1.1,60.01842562,2025-10-07 14h28.53.628119 +0530
50,c,38,2,9,c,1,0.4691766,None,9,2,38,2,,,,,94.4800443,,94.4662787,94.4800443,95.4804397,95.4804397,95.4804397,95.4804397,95.4804397,96.4801639,96.4801639,96.9629328,c,1,0.4691766,None,,,,,F1,1,2025-10-07_14h28.42.423,Motor Sequence Learning,,2025.1.1,60.01842562,2025-10-07 14h28.53.628119 +0530
-150,z,39,3,9,z,1,0.4639935,None,9,3,39,3,,,,,96.9793091,,96.9631344,96.9793091,97.9625812,97.9625812,97.9625812,97.9625812,97.9793399,98.962124,98.962124,99.4298839,z,1,0.4639935,None,,,,,F1,1,2025-10-07_14h28.42.423,Motor Sequence Learning,,2025.1.1,60.01842562,2025-10-07 14h28.53.628119 +0530
-50,x,0,0,0,c,1,0.4728999,None,0,0,0,0,,,,,0.0126671,,0.0089728,0.0126671,1.0073428,1.0073428,1.0073428,1.0073428,1.024031,2.0069678,2.0069678,2.5224989,s,0,0.4728999,None,,,,,T1,1,2025-10-07_14h15.51.642,Motor Sequence Learning,,2025.1.1,59.92530906,2025-10-07 14h16.19.612257 +0530
150,v,1,1,0,z,1,0.4211799,None,0,1,1,1,,,,,2.5265433,,2.5227361,2.5265433,3.5236124,3.5236124,3.5236124,3.5236124,3.5395867,4.5227038,4.5227038,4.9561889,f,0,0.4211799,None,,,,,T1,1,2025-10-07_14h15.51.642,Motor Sequence Learning,,2025.1.1,59.92530906,2025-10-07 14h16.19.612257 +0530
50,c,2,2,0,c,1,0.4518718,None,0,2,2,2,,,,,4.9724247,,4.9565423,4.9724247,5.9556345,5.9556345,5.9556345,5.9556345,5.9720874,6.9719498,6.9719498,7.4387169,d,0,0.4518718,None,,,,,T1,1,2025-10-07_14h15.51.642,Motor Sequence Learning,,2025.1.1,59.92530906,2025-10-07 14h16.19.612257 +0530
-150,z,3,3,0,c,1,0.3989527,None,0,3,3,3,,,,,7.4552867,,7.4390093,7.4552867,8.4540606,8.4540606,8.4540606,8.4540606,8.4707351,9.4537903,9.4537903,9.8548658,a,0,0.3989527,None,,,,,T1,1,2025-10-07_14h15.51.642,Motor Sequence Learning,,2025.1.1,59.92530906,2025-10-07 14h16.19.612257 +0530
-50,x,4,0,1,v,1,0.3466626,None,1,0,4,0,,,,,9.8708709,,9.8557168,9.8708709,10.8705258,10.8705258,10.8705258,10.8705258,10.8705258,11.8698959,11.8698959,12.2207072,s,0,0.3466626,None,,,,,T1,1,2025-10-07_14h15.51.642,Motor Sequence Learning,,2025.1.1,59.92530906,2025-10-07 14h16.19.612257 +0530
150,v,5,1,1,x,1,0.4288757,None,1,1,5,1,,,,,12.2365477,,12.2215953,12.2365477,13.2353006,13.2353006,13.2353006,13.2353006,13.2353006,14.2349396,14.2349396,14.6682103,f,0,0.4288757,None,,,,,T1,1,2025-10-07_14h15.51.642,Motor Sequence Learning,,2025.1.1,59.92530906,2025-10-07 14h16.19.612257 +0530
50,c,6,2,1,c,1,0.3200484,None,1,2,6,2,,,,,14.684561,,14.6684243,14.684561,15.667499,15.667499,15.667499,15.667499,15.6841103,16.6836801,16.6836801,17.017675,d,0,0.3200484,None,,,,,T1,1,2025-10-07_14h15.51.642,Motor Sequence Learning,,2025.1.1,59.92530906,2025-10-07 14h16.19.612257 +0530
-150,z,7,3,1,v,1,0.427233,None,1,3,7,3,,,,,17.0342994,,17.0178897,17.0342994,18.0167881,18.0167881,18.0167881,18.0167881,18.0330826,19.0166573,19.0166573,19.4494755,a,0,0.427233,None,,,,,T1,1,2025-10-07_14h15.51.642,Motor Sequence Learning,,2025.1.1,59.92530906,2025-10-07 14h16.19.612257 +0530
-50,x,8,0,2,z,1,0.4028374,None,2,0,8,0,,,,,19.4658164,,19.4497047,19.4658164,20.4487189,20.4487189,20.4487189,20.4487189,20.4654979,21.4648684,21.4648684,21.8817917,s,0,0.4028374,None,,,,,T1,1,2025-10-07_14h15.51.642,Motor Sequence Learning,,2025.1.1,59.92530906,2025-10-07 14h16.19.612257 +0530
150,v,9,1,2,v,1,0.3906718,None,2,1,9,1,,,,,21.8981614,,21.8820876,21.8981614,22.8808832,22.8808832,22.8808832,22.8808832,22.8975767,23.8971471,23.8971471,24.29745,f,0,0.3906718,None,,,,,T1,1,2025-10-07_14h15.51.642,Motor Sequence Learning,,2025.1.1,59.92530906,2025-10-07 14h16.19.612257 +0530
50,c,10,2,2,x,1,0.4991574,None,2,2,10,2,,,,,24.313586,,24.2978331,24.313586,25.3131889,25.3131889,25.3131889,25.3131889,25.3131889,26.3127519,26.3127519,26.8127765,d,0,0.4991574,None,,,,,T1,1,2025-10-07_14h15.51.642,Motor Sequence Learning,,2025.1.1,59.92530906,2025-10-07 14h16.19.612257 +0530
-150,z,11,3,2,c,0,0.4315283,None,2,3,11,3,,,,,26.8291933,,26.8130166,26.8291933,27.8121111,27.8121111,27.8121111,27.8121111,27.8287584,28.8283019,28.8283019,29.2616742,a,0,0.4315283,None,,,,,T1,1,2025-10-07_14h15.51.642,Motor Sequence Learning,,2025.1.1,59.92530906,2025-10-07 14h16.19.612257 +0530
-50,x,12,0,3,z,1,0.3347248,None,3,0,12,0,,,,,29.2780725,,29.2619083,29.2780725,30.2610589,30.2610589,30.2610589,30.2610589,30.277713,31.2772609,31.2772609,31.62734,s,0,0.3347248,None,,,,,T1,1,2025-10-07_14h15.51.642,Motor Sequence Learning,,2025.1.1,59.92530906,2025-10-07 14h16.19.612257 +0530
150,v,13,1,3,c,1,0.457553,None,3,1,13,1,,,,,31.6437115,,31.6275727,31.6437115,32.6266548,32.6266548,32.6266548,32.6266548,32.6432839,33.6428876,33.6428876,34.1096201,f,0,0.457553,None,,,,,T1,1,2025-10-07_14h15.51.642,Motor Sequence Learning,,2025.1.1,59.92530906,2025-10-07 14h16.19.612257 +0530
50,c,14,2,3,v,1,0.3947871,None,3,2,14,2,,,,,34.1259612,,34.1098507,34.1259612,35.1088981,35.1088981,35.1088981,35.1088981,35.1255792,36.1250689,36.1250689,36.5253232,d,0,0.3947871,None,,,,,T1,1,2025-10-07_14h15.51.642,Motor Sequence Learning,,2025.1.1,59.92530906,2025-10-07 14h16.19.612257 +0530
-150,z,0,0,0,z,1,0.3888942,None,,,,,0,0,0,3,99.4527607,,99.4467172,99.4527607,100.4445874,100.4445874,100.4445874,100.4445874,100.4612878,101.4445354,101.4445354,101.8448971,,,,,z,1,0.3888942,None,F1,1,2025-10-07_14h28.42.423,Motor Sequence Learning,,2025.1.1,60.01842562,2025-10-07 14h28.53.628119 +0530
150,v,1,1,0,v,1,0.4341949,None,,,,,0,1,1,1,101.8610586,,101.8451152,101.8610586,102.8607805,102.8607805,102.8607805,102.8607805,102.8772795,103.8598687,103.8598687,104.3092343,,,,,v,1,0.4341949,None,F1,1,2025-10-07_14h28.42.423,Motor Sequence Learning,,2025.1.1,60.01842562,2025-10-07 14h28.53.628119 +0530
-50,x,2,2,0,x,1,0.2895077,None,,,,,0,2,2,0,104.3267977,,104.3094292,104.3267977,105.3091208,105.3091208,105.3091208,105.3091208,105.3429364,106.3087158,106.3087158,106.6093463,,,,,x,1,0.2895077,None,F1,1,2025-10-07_14h28.42.423,Motor Sequence Learning,,2025.1.1,60.01842562,2025-10-07 14h28.53.628119 +0530
-50,x,3,3,1,x,1,0.6015041,None,,,,,1,3,3,0,106.6249862,,106.6099209,106.6249862,107.6247457,107.6247457,107.6247457,107.6247457,107.6247457,108.6247707,108.6247707,109.241231,,,,,x,1,0.6015041,None,F1,1,2025-10-07_14h28.42.423,Motor Sequence Learning,,2025.1.1,60.01842562,2025-10-07 14h28.53.628119 +0530
150,v,4,4,1,v,1,0.4260227,None,,,,,1,4,4,1,109.2574433,,109.2418234,109.2574433,110.2569534,110.2569534,110.2569534,110.2569534,110.2569534,111.2567713,111.2567713,111.6902779,,,,,v,1,0.4260227,None,F1,1,2025-10-07_14h28.42.423,Motor Sequence Learning,,2025.1.1,60.01842562,2025-10-07 14h28.53.628119 +0530
50,c,5,5,0,c,1,0.5372515,None,,,,,0,5,5,2,111.7066144,,111.6906592,111.7066144,112.6895368,112.6895368,112.6895368,112.6895368,112.7059078,113.7056534,113.7056534,114.2558844,,,,,c,1,0.5372515,None,F1,1,2025-10-07_14h28.42.423,Motor Sequence Learning,,2025.1.1,60.01842562,2025-10-07 14h28.53.628119 +0530
-50,x,6,6,2,x,1,0.3229194,None,,,,,2,6,6,0,114.2713709,,114.2567619,114.2713709,115.255259,115.255259,115.255259,115.255259,115.2719036,116.2708985,116.2708985,116.6051368,,,,,x,1,0.3229194,None,F1,1,2025-10-07_14h28.42.423,Motor Sequence Learning,,2025.1.1,60.01842562,2025-10-07 14h28.53.628119 +0530
50,c,7,7,1,c,1,0.5850676,None,,,,,1,7,7,2,116.6204946,,116.606055,116.6204946,117.6202623,117.6202623,117.6202623,117.6202623,117.6202623,118.6204309,118.6204309,119.2192824,,,,,c,1,0.5850676,None,F1,1,2025-10-07_14h28.42.423,Motor Sequence Learning,,2025.1.1,60.01842562,2025-10-07 14h28.53.628119 +0530
150,v,8,8,2,v,1,0.4979849,None,,,,,2,8,8,1,119.2365325,,119.2194736,119.2365325,120.2197165,120.2197165,120.2197165,120.2197165,120.2362005,121.2189415,121.2189415,121.7190642,,,,,v,1,0.4979849,None,F1,1,2025-10-07_14h28.42.423,Motor Sequence Learning,,2025.1.1,60.01842562,2025-10-07 14h28.53.628119 +0530
150,v,9,9,3,v,1,0.4752793,None,,,,,3,9,9,1,121.7346864,,121.7194013,121.7346864,122.7183565,122.7183565,122.7183565,122.7183565,122.7347597,123.734758,123.734758,124.2183384,,,,,v,1,0.4752793,None,F1,1,2025-10-07_14h28.42.423,Motor Sequence Learning,,2025.1.1,60.01842562,2025-10-07 14h28.53.628119 +0530
-50,x,10,10,3,x,1,0.4436928,None,,,,,3,10,10,0,124.2335949,,124.2191938,124.2335949,125.2339838,125.2339838,125.2339838,125.2339838,125.2339838,126.2336462,126.2336462,126.6835984,,,,,x,1,0.4436928,None,F1,1,2025-10-07_14h28.42.423,Motor Sequence Learning,,2025.1.1,60.01842562,2025-10-07 14h28.53.628119 +0530
150,v,11,11,4,v,1,0.6990149,None,,,,,4,11,11,1,126.7000713,,126.6838254,126.7000713,127.6829093,127.6829093,127.6829093,127.6829093,127.6992938,128.6987875,128.6987875,129.3993872,,,,,v,1,0.6990149,None,F1,1,2025-10-07_14h28.42.423,Motor Sequence Learning,,2025.1.1,60.01842562,2025-10-07 14h28.53.628119 +0530
50,c,12,12,2,c,1,0.494855,None,,,,,2,12,12,2,129.4146216,,129.4002475,129.4146216,130.4149964,130.4149964,130.4149964,130.4149964,130.4149964,131.4148251,131.4148251,131.9148873,,,,,c,1,0.494855,None,F1,1,2025-10-07_14h28.42.423,Motor Sequence Learning,,2025.1.1,60.01842562,2025-10-07 14h28.53.628119 +0530
-150,z,13,13,1,z,1,0.4558206,None,,,,,1,13,13,3,131.9304068,,131.9155952,131.9304068,132.9138903,132.9138903,132.9138903,132.9138903,132.9302648,133.9300084,133.9300084,134.397514,,,,,z,1,0.4558206,None,F1,1,2025-10-07_14h28.42.423,Motor Sequence Learning,,2025.1.1,60.01842562,2025-10-07 14h28.53.628119 +0530
-150,z,14,14,2,z,1,0.4495726,None,,,,,2,14,14,3,134.4123576,,134.3983947,134.4123576,135.4130128,135.4130128,135.4130128,135.4130128,135.4130128,136.4120041,136.4120041,136.8628911,,,,,z,1,0.4495726,None,F1,1,2025-10-07_14h28.42.423,Motor Sequence Learning,,2025.1.1,60.01842562,2025-10-07 14h28.53.628119 +0530
-50,x,15,15,4,x,1,0.4602589,None,,,,,4,15,15,0,136.8782608,,136.8636704,136.8782608,137.878257,137.878257,137.878257,137.878257,137.878257,138.8771131,138.8771131,139.3438883,,,,,x,1,0.4602589,None,F1,1,2025-10-07_14h28.42.423,Motor Sequence Learning,,2025.1.1,60.01842562,2025-10-07 14h28.53.628119 +0530
-50,x,16,16,5,x,1,0.5736661,None,,,,,5,16,16,0,139.36027,,139.3441069,139.36027,140.3430711,140.3430711,140.3430711,140.3430711,140.3596894,141.3443869,141.3443869,141.9276715,,,,,x,1,0.5736661,None,F1,1,2025-10-07_14h28.42.423,Motor Sequence Learning,,2025.1.1,60.01842562,2025-10-07 14h28.53.628119 +0530
150,v,17,17,5,v,1,0.4954023,None,,,,,5,17,17,1,141.9424211,,141.9285498,141.9424211,142.9420077,142.9420077,142.9420077,142.9420077,142.9420077,143.9422357,143.9422357,144.4430131,,,,,v,1,0.4954023,None,F1,1,2025-10-07_14h28.42.423,Motor Sequence Learning,,2025.1.1,60.01842562,2025-10-07 14h28.53.628119 +0530
50,c,18,18,3,c,1,0.6077841,None,,,,,3,18,18,2,144.4584101,,144.4438963,144.4584101,145.4583804,145.4583804,145.4583804,145.4583804,145.4583804,146.4579359,146.4579359,147.0745266,,,,,c,1,0.6077841,None,F1,1,2025-10-07_14h28.42.423,Motor Sequence Learning,,2025.1.1,60.01842562,2025-10-07 14h28.53.628119 +0530
50,c,19,19,4,c,1,0.5863265,None,,,,,4,19,19,2,147.0901234,,147.0751702,147.0901234,148.0906661,148.0906661,148.0906661,148.0906661,148.0906661,149.0904472,149.0904472,149.6896399,,,,,c,1,0.5863265,None,F1,1,2025-10-07_14h28.42.423,Motor Sequence Learning,,2025.1.1,60.01842562,2025-10-07 14h28.53.628119 +0530
-50,x,20,20,6,x,1,0.3770112,None,,,,,6,20,20,0,149.7058835,,149.689877,149.7058835,150.6888082,150.6888082,150.6888082,150.6888082,150.7054375,151.6885871,151.6885871,152.0723097,,,,,x,1,0.3770112,None,F1,1,2025-10-07_14h28.42.423,Motor Sequence Learning,,2025.1.1,60.01842562,2025-10-07 14h28.53.628119 +0530
50,c,21,21,5,c,1,0.5736519,None,,,,,5,21,21,2,152.0879686,,152.0726753,152.0879686,153.071332,153.071332,153.071332,153.071332,153.0882892,154.0878955,154.0878955,154.6711094,,,,,c,1,0.5736519,None,F1,1,2025-10-07_14h28.42.423,Motor Sequence Learning,,2025.1.1,60.01842562,2025-10-07 14h28.53.628119 +0530
-150,z,22,22,3,z,1,0.548156,None,,,,,3,22,22,3,154.6874605,,154.671439,154.6874605,155.6697568,155.6697568,155.6697568,155.6697568,155.7038683,156.6861265,156.6861265,157.2370707,,,,,z,1,0.548156,None,F1,1,2025-10-07_14h28.42.423,Motor Sequence Learning,,2025.1.1,60.01842562,2025-10-07 14h28.53.628119 +0530
50,c,23,23,6,c,1,0.6574771,None,,,,,6,23,23,2,157.2523001,,157.2379398,157.2523001,158.2525869,158.2525869,158.2525869,158.2525869,158.2525869,159.252576,159.252576,159.9194964,,,,,c,1,0.6574771,None,F1,1,2025-10-07_14h28.42.423,Motor Sequence Learning,,2025.1.1,60.01842562,2025-10-07 14h28.53.628119 +0530
150,v,24,24,6,v,1,1.023764,None,,,,,6,24,24,1,159.9344403,,159.9208668,159.9344403,160.9340103,160.9340103,160.9340103,160.9340103,160.9340103,161.934364,161.934364,162.9677972,,,,,v,1,1.023764,None,F1,1,2025-10-07_14h28.42.423,Motor Sequence Learning,,2025.1.1,60.01842562,2025-10-07 14h28.53.628119 +0530
50,c,25,25,7,c,1,1.4340711,None,,,,,7,25,25,2,162.9830919,,162.9686878,162.9830919,163.9667825,163.9667825,163.9667825,163.9667825,163.9836517,164.9827366,164.9827366,166.4320216,,,,,c,1,1.4340711,None,F1,1,2025-10-07_14h28.42.423,Motor Sequence Learning,,2025.1.1,60.01842562,2025-10-07 14h28.53.628119 +0530
-150,z,26,26,4,z,1,0.4254577,None,,,,,4,26,26,3,166.4484792,,166.4322241,166.4484792,167.4311609,167.4311609,167.4311609,167.4311609,167.4478322,168.4473741,168.4473741,168.8807573,,,,,z,1,0.4254577,None,F1,1,2025-10-07_14h28.42.423,Motor Sequence Learning,,2025.1.1,60.01842562,2025-10-07 14h28.53.628119 +0530
50,c,27,27,8,c,1,0.5613103,None,,,,,8,27,27,2,168.8971174,,168.8809686,168.8971174,169.8809175,169.8809175,169.8809175,169.8809175,169.8974381,170.8802684,170.8802684,171.4463605,,,,,c,1,0.5613103,None,F1,1,2025-10-07_14h28.42.423,Motor Sequence Learning,,2025.1.1,60.01842562,2025-10-07 14h28.53.628119 +0530
-150,z,28,28,5,z,1,0.4601567,None,,,,,5,28,28,3,171.4626411,,171.4465637,171.4626411,172.4461059,172.4461059,172.4461059,172.4461059,172.4627993,173.4453652,173.4453652,173.9127461,,,,,z,1,0.4601567,None,F1,1,2025-10-07_14h28.42.423,Motor Sequence Learning,,2025.1.1,60.01842562,2025-10-07 14h28.53.628119 +0530
-50,x,29,29,7,x,1,0.3984593,None,,,,,7,29,29,0,173.9292213,,173.9129731,173.9292213,174.9281401,174.9281401,174.9281401,174.9281401,174.9281401,175.928069,175.928069,176.3287186,,,,,x,1,0.3984593,None,F1,1,2025-10-07_14h28.42.423,Motor Sequence Learning,,2025.1.1,60.01842562,2025-10-07 14h28.53.628119 +0530
150,v,30,30,7,v,1,0.8299229,None,,,,,7,30,30,1,176.3437861,,176.3296212,176.3437861,177.3439778,177.3439778,177.3439778,177.3439778,177.3439778,178.3434371,178.3434371,179.1764859,,,,,v,1,0.8299229,None,F1,1,2025-10-07_14h28.42.423,Motor Sequence Learning,,2025.1.1,60.01842562,2025-10-07 14h28.53.628119 +0530
150,v,31,31,8,v,1,0.6468733,None,,,,,8,31,31,1,179.1933863,,179.1767683,179.1933863,180.1759831,180.1759831,180.1759831,180.1759831,180.1931369,181.1760637,181.1760637,181.8262439,,,,,v,1,0.6468733,None,F1,1,2025-10-07_14h28.42.423,Motor Sequence Learning,,2025.1.1,60.01842562,2025-10-07 14h28.53.628119 +0530
150,v,32,32,9,v,1,0.4931279,None,,,,,9,32,32,1,181.8418357,,181.8270385,181.8418357,182.8417171,182.8417171,182.8417171,182.8417171,182.8417171,183.841446,183.841446,184.3420824,,,,,v,1,0.4931279,None,F1,1,2025-10-07_14h28.42.423,Motor Sequence Learning,,2025.1.1,60.01842562,2025-10-07 14h28.53.628119 +0530
-50,x,33,33,8,x,1,0.4527456,None,,,,,8,33,33,0,184.3572843,,184.3429736,184.3572843,185.3576391,185.3576391,185.3576391,185.3576391,185.3576391,186.356161,186.356161,186.822885,,,,,x,1,0.4527456,None,F1,1,2025-10-07_14h28.42.423,Motor Sequence Learning,,2025.1.1,60.01842562,2025-10-07 14h28.53.628119 +0530
-150,z,34,34,6,z,1,0.4645813,None,,,,,6,34,34,3,186.839508,,186.8230887,186.839508,187.8222774,187.8222774,187.8222774,187.8222774,187.8387719,188.8219599,188.8219599,189.2895252,,,,,z,1,0.4645813,None,F1,1,2025-10-07_14h28.42.423,Motor Sequence Learning,,2025.1.1,60.01842562,2025-10-07 14h28.53.628119 +0530
-150,z,35,35,7,z,1,0.4167456,None,,,,,7,35,35,3,189.3047357,,189.2904123,189.3047357,190.3051869,190.3051869,190.3051869,190.3051869,190.3051869,191.3043256,191.3043256,191.7374987,,,,,z,1,0.4167456,None,F1,1,2025-10-07_14h28.42.423,Motor Sequence Learning,,2025.1.1,60.01842562,2025-10-07 14h28.53.628119 +0530
50,c,36,36,9,c,1,0.4253517,None,,,,,9,36,36,2,191.7544746,,191.7379052,191.7544746,192.7374201,192.7374201,192.7374201,192.7374201,192.7542413,193.7367618,193.7367618,194.1713547,,,,,c,1,0.4253517,None,F1,1,2025-10-07_14h28.42.423,Motor Sequence Learning,,2025.1.1,60.01842562,2025-10-07 14h28.53.628119 +0530
-50,x,37,37,9,x,1,0.5231563,None,,,,,9,37,37,0,194.1859301,,194.17231,194.1859301,195.1863721,195.1863721,195.1863721,195.1863721,195.1863721,196.1857494,196.1857494,196.7194324,,,,,x,1,0.5231563,None,F1,1,2025-10-07_14h28.42.423,Motor Sequence Learning,,2025.1.1,60.01842562,2025-10-07 14h28.53.628119 +0530
-150,z,38,38,8,z,1,0.42327,None,,,,,8,38,38,3,196.7351046,,196.7197286,196.7351046,197.7353721,197.7353721,197.7353721,197.7353721,197.7353721,198.7346924,198.7346924,199.1684704,,,,,z,1,0.42327,None,F1,1,2025-10-07_14h28.42.423,Motor Sequence Learning,,2025.1.1,60.01842562,2025-10-07 14h28.53.628119 +0530
-150,z,39,39,9,z,1,0.4616555,None,,,,,9,39,39,3,199.1841093,,199.1692495,199.1841093,200.1838318,200.1838318,200.1838318,200.1838318,200.1838318,201.1835868,201.1835868,201.6498463,,,,,z,1,0.4616555,None,F1,1,2025-10-07_14h28.42.423,Motor Sequence Learning,,2025.1.1,60.01842562,2025-10-07 14h28.53.628119 +0530
-50,x,0,0,0,x,1,0.4762089,None,,,,,0,0,0,0,245.6490527,,245.6373459,245.6490527,246.6321784,246.6321784,246.6321784,246.6321784,246.648637,247.6484276,247.6484276,248.1324904,,,,,s,0,0.4762089,None,T1,1,2025-10-07_14h15.51.642,Motor Sequence Learning,,2025.1.1,59.92530906,2025-10-07 14h16.19.612257 +0530
-50,x,1,1,1,v,1,0.4617206,None,,,,,1,1,1,0,248.1485459,,248.1328214,248.1485459,249.1313724,249.1313724,249.1313724,249.1313724,249.148443,250.1473841,250.1473841,250.6150115,,,,,s,0,0.4617206,None,T1,1,2025-10-07_14h15.51.642,Motor Sequence Learning,,2025.1.1,59.92530906,2025-10-07 14h16.19.612257 +0530
50,c,2,2,0,c,1,0.5978149,None,,,,,0,2,2,2,250.6310313,,250.6158048,250.6310313,251.6303228,251.6303228,251.6303228,251.6303228,251.6303228,252.6300836,252.6300836,253.2293634,,,,,d,0,0.5978149,None,T1,1,2025-10-07_14h15.51.642,Motor Sequence Learning,,2025.1.1,59.92530906,2025-10-07 14h16.19.612257 +0530
-50,x,3,3,2,x,1,0.9200207,None,,,,,2,3,3,0,253.2456977,,253.2295841,253.2456977,254.2290102,254.2290102,254.2290102,254.2290102,254.2458291,255.2447629,255.2447629,256.17955,,,,,s,0,0.9200207,None,T1,1,2025-10-07_14h15.51.642,Motor Sequence Learning,,2025.1.1,59.92530906,2025-10-07 14h16.19.612257 +0530
-150,z,4,4,0,z,1,0.5388432,None,,,,,0,4,4,3,256.1952635,,256.1803307,256.1952635,257.1944295,257.1944295,257.1944295,257.1944295,257.1944295,258.1944358,258.1944358,258.7451822,,,,,a,0,0.5388432,None,T1,1,2025-10-07_14h15.51.642,Motor Sequence Learning,,2025.1.1,59.92530906,2025-10-07 14h16.19.612257 +0530
-50,x,5,5,3,x,1,0.7366503,None,,,,,3,5,5,0,258.7601924,,258.7460493,258.7601924,259.7600018,259.7600018,259.7600018,259.7600018,259.7600018,260.7599366,260.7599366,261.5096739,,,,,s,0,0.7366503,None,T1,1,2025-10-07_14h15.51.642,Motor Sequence Learning,,2025.1.1,59.92530906,2025-10-07 14h16.19.612257 +0530
-150,z,6,6,1,c,1,0.391586,None,,,,,1,6,6,3,261.5257923,,261.5098816,261.5257923,262.525498,262.525498,262.525498,262.525498,262.525498,263.525203,263.525203,263.9253754,,,,,a,0,0.391586,None,T1,1,2025-10-07_14h15.51.642,Motor Sequence Learning,,2025.1.1,59.92530906,2025-10-07 14h16.19.612257 +0530
-150,z,7,7,2,v,1,0.3875492,None,,,,,2,7,7,3,263.9410052,,263.9256011,263.9410052,264.9242846,264.9242846,264.9242846,264.9242846,264.9410303,265.9409857,265.9409857,266.3409386,,,,,a,0,0.3875492,None,T1,1,2025-10-07_14h15.51.642,Motor Sequence Learning,,2025.1.1,59.92530906,2025-10-07 14h16.19.612257 +0530
150,v,8,8,0,x,1,0.4408542,None,,,,,0,8,8,1,266.3568474,,266.3414084,266.3568474,267.3570515,267.3570515,267.3570515,267.3570515,267.3570515,268.3563298,268.3563298,268.8073491,,,,,f,0,0.4408542,None,T1,1,2025-10-07_14h15.51.642,Motor Sequence Learning,,2025.1.1,59.92530906,2025-10-07 14h16.19.612257 +0530
50,c,9,9,1,c,1,0.4514152,None,,,,,1,9,9,2,268.8225587,,268.8083125,268.8225587,269.8221422,269.8221422,269.8221422,269.8221422,269.8221422,270.821991,270.821991,271.2894574,,,,,d,0,0.4514152,None,T1,1,2025-10-07_14h15.51.642,Motor Sequence Learning,,2025.1.1,59.92530906,2025-10-07 14h16.19.612257 +0530
-50,x,10,10,4,c,1,0.5047284,None,,,,,4,10,10,0,271.3052745,,271.2903604,271.3052745,272.3044424,272.3044424,272.3044424,272.3044424,272.3044424,273.3039848,273.3039848,273.8218578,,,,,s,0,0.5047284,None,T1,1,2025-10-07_14h15.51.642,Motor Sequence Learning,,2025.1.1,59.92530906,2025-10-07 14h16.19.612257 +0530
150,v,11,11,1,x,1,0.9636315,None,,,,,1,11,11,1,273.8372241,,273.8226814,273.8372241,274.8369746,274.8369746,274.8369746,274.8369746,274.8369746,275.8372901,275.8372901,276.8031739,,,,,f,0,0.9636315,None,T1,1,2025-10-07_14h15.51.642,Motor Sequence Learning,,2025.1.1,59.92530906,2025-10-07 14h16.19.612257 +0530
-150,z,12,12,3,x,1,0.4338696,None,,,,,3,12,12,3,276.8190236,,276.8036843,276.8190236,277.8191463,277.8191463,277.8191463,277.8191463,277.8191463,278.8184073,278.8184073,279.2685485,,,,,a,0,0.4338696,None,T1,1,2025-10-07_14h15.51.642,Motor Sequence Learning,,2025.1.1,59.92530906,2025-10-07 14h16.19.612257 +0530
-150,z,13,13,4,v,1,0.473152,None,,,,,4,13,13,3,279.2847976,,279.2688388,279.2847976,280.2675413,280.2675413,280.2675413,280.2675413,280.2837967,281.2840366,281.2840366,281.768125,,,,,a,0,0.473152,None,T1,1,2025-10-07_14h15.51.642,Motor Sequence Learning,,2025.1.1,59.92530906,2025-10-07 14h16.19.612257 +0530
50,c,14,14,2,z,1,1.2780163,None,,,,,2,14,14,2,281.7838922,,281.7690156,281.7838922,282.7831556,282.7831556,282.7831556,282.7831556,282.7831556,283.7828064,283.7828064,285.0666153,,,,,d,0,1.2780163,None,T1,1,2025-10-07_14h15.51.642,Motor Sequence Learning,,2025.1.1,59.92530906,2025-10-07 14h16.19.612257 +0530
-50,x,15,15,5,z,1,0.3825042,None,,,,,5,15,15,0,285.0819452,,285.0676141,285.0819452,286.0821822,286.0821822,286.0821822,286.0821822,286.0821822,287.0817305,287.0817305,287.4819047,,,,,s,0,0.3825042,None,T1,1,2025-10-07_14h15.51.642,Motor Sequence Learning,,2025.1.1,59.92530906,2025-10-07 14h16.19.612257 +0530
50,c,16,16,3,c,1,0.7153389,None,,,,,3,16,16,2,287.4976953,,287.4823553,287.4976953,288.4974275,288.4974275,288.4974275,288.4974275,288.4974275,289.4968469,289.4968469,290.2132434,,,,,d,0,0.7153389,None,T1,1,2025-10-07_14h15.51.642,Motor Sequence Learning,,2025.1.1,59.92530906,2025-10-07 14h16.19.612257 +0530
