 ,thisTrialN,thisRepN,key_resp.keys,key_resp.corr,key_resp.rt,key_resp.duration,tilt,trials.thisRepN,trials.thisTrialN,trials.thisN,trials.thisIndex,thisRow.t,notes,trial.started,fixation.started,fixation.stopped,key_resp.started,trial.stopped,trials.key_resp.keys,trials.key_resp.corr,trials.key_resp.rt,trials.key_resp.duration,trials.tilt,participant,session,date,expName,expVersion,psychopyVersion,frameRate,expStart
0,0,0,up,1,0.5058377,None,0,0,0,0,0,0.0123973,,0.0065991,0.0123973,1.0156941,1.0156941,1.5840506,up,1,0.5058377,None,0,f1,1,2025-09-11_09h51.50.661,Orientation Discrimination Task,,2025.1.1,60.032874,2025-09-11 09h52.09.108146 +0530
1,0,1,up,1,0.4432062,None,0,1,0,1,0,1.5880196,,1.5843146,1.5880196,2.5978884,2.5978884,3.0481098,up,1,0.4432062,None,0,f1,1,2025-09-11_09h51.50.661,Orientation Discrimination Task,,2025.1.1,60.032874,2025-09-11 09h52.09.108146 +0530
2,0,2,up,1,0.4173578,None,0,2,0,2,0,3.064334,,3.0483806,3.064334,4.0639768,4.0639768,4.4973554,up,1,0.4173578,None,0,f1,1,2025-09-11_09h51.50.661,Orientation Discrimination Task,,2025.1.1,60.032874,2025-09-11 09h52.09.108146 +0530
3,0,3,down,1,0.6007131,None,1,3,0,3,0,4.5136147,,4.4976381,4.5136147,5.5133686,5.496642,6.114011,down,1,0.6007131,None,1,f1,1,2025-09-11_09h51.50.661,Orientation Discrimination Task,,2025.1.1,60.032874,2025-09-11 09h52.09.108146 +0530
4,0,4,down,1,0.3920057,None,2,4,0,4,0,6.1297481,,6.1145392,6.1297481,7.129273,7.129273,7.5297942,down,1,0.3920057,None,2,f1,1,2025-09-11_09h51.50.661,Orientation Discrimination Task,,2025.1.1,60.032874,2025-09-11 09h52.09.108146 +0530
5,0,5,down,0,0.4478368,None,0,5,0,5,0,7.545716,,7.530325,7.545716,8.5453,8.5453,8.9952713,down,0,0.4478368,None,0,f1,1,2025-09-11_09h51.50.661,Orientation Discrimination Task,,2025.1.1,60.032874,2025-09-11 09h52.09.108146 +0530
6,0,6,up,0,0.4988197,None,-4,6,0,6,0,9.0115909,,8.9955156,9.0115909,10.0112861,9.9946331,10.4947738,up,0,0.4988197,None,-4,f1,1,2025-09-11_09h51.50.661,Orientation Discrimination Task,,2025.1.1,60.032874,2025-09-11 09h52.09.108146 +0530
7,0,7,down,1,0.4745326,None,-5,7,0,7,0,10.5109186,,10.4950599,10.5109186,11.5106085,11.5106085,11.9940049,down,1,0.4745326,None,-5,f1,1,2025-09-11_09h51.50.661,Orientation Discrimination Task,,2025.1.1,60.032874,2025-09-11 09h52.09.108146 +0530
8,0,8,up,1,0.4997364,None,0,8,0,8,0,12.0102442,,11.9943017,12.0102442,13.0099941,12.9933217,13.5099057,up,1,0.4997364,None,0,f1,1,2025-09-11_09h51.50.661,Orientation Discrimination Task,,2025.1.1,60.032874,2025-09-11 09h52.09.108146 +0530
9,0,9,down,1,0.6839987,None,2,9,0,9,0,13.5262659,,13.5101475,13.5262659,14.5259695,14.5092505,15.2091886,down,1,0.6839987,None,2,f1,1,2025-09-11_09h51.50.661,Orientation Discrimination Task,,2025.1.1,60.032874,2025-09-11 09h52.09.108146 +0530
10,0,10,up,1,0.6127252,None,0,10,0,10,0,15.2254775,,15.2094094,15.2254775,16.2251692,16.2084877,16.8251037,up,1,0.6127252,None,0,f1,1,2025-09-11_09h51.50.661,Orientation Discrimination Task,,2025.1.1,60.032874,2025-09-11 09h52.09.108146 +0530
11,0,11,down,1,0.5171801,None,3,11,0,11,0,16.8414255,,16.8253684,16.8414255,17.8411844,17.8244177,18.3579673,down,1,0.5171801,None,3,f1,1,2025-09-11_09h51.50.661,Orientation Discrimination Task,,2025.1.1,60.032874,2025-09-11 09h52.09.108146 +0530
12,0,12,down,1,0.3953983,None,1,12,0,12,0,18.3740636,,18.3582028,18.3740636,19.3737679,19.3737679,19.7738344,down,1,0.3953983,None,1,f1,1,2025-09-11_09h51.50.661,Orientation Discrimination Task,,2025.1.1,60.032874,2025-09-11 09h52.09.108146 +0530
13,0,13,down,1,0.4800636,None,-4,13,0,13,0,19.7901414,,19.7741947,19.7901414,20.7897951,20.7731364,21.2566172,down,1,0.4800636,None,-4,f1,1,2025-09-11_09h51.50.661,Orientation Discrimination Task,,2025.1.1,60.032874,2025-09-11 09h52.09.108146 +0530
14,0,14,up,1,0.6253809,None,0,14,0,14,0,21.2727618,,21.2569351,21.2727618,22.2724703,22.2558376,22.8891487,up,1,0.6253809,None,0,f1,1,2025-09-11_09h51.50.661,Orientation Discrimination Task,,2025.1.1,60.032874,2025-09-11 09h52.09.108146 +0530
15,0,15,up,1,0.4046906,None,0,15,0,15,0,22.9054716,,22.8893713,22.9054716,23.9051249,23.88849,24.3053621,up,1,0.4046906,None,0,f1,1,2025-09-11_09h51.50.661,Orientation Discrimination Task,,2025.1.1,60.032874,2025-09-11 09h52.09.108146 +0530
16,0,16,up,1,0.4559959,None,0,16,0,16,0,24.3214924,,24.3056661,24.3214924,25.3211409,25.3211409,25.7878697,up,1,0.4559959,None,0,f1,1,2025-09-11_09h51.50.661,Orientation Discrimination Task,,2025.1.1,60.032874,2025-09-11 09h52.09.108146 +0530
17,0,17,down,1,0.3660385,None,1,17,0,17,0,25.8041509,,25.7881755,25.8041509,26.8038032,26.7871804,27.1537578,down,1,0.3660385,None,1,f1,1,2025-09-11_09h51.50.661,Orientation Discrimination Task,,2025.1.1,60.032874,2025-09-11 09h52.09.108146 +0530
18,0,18,up,1,0.5441099,None,0,18,0,18,0,27.170209,,27.1539578,27.170209,28.1699788,28.1532569,28.7033822,up,1,0.5441099,None,0,f1,1,2025-09-11_09h51.50.661,Orientation Discrimination Task,,2025.1.1,60.032874,2025-09-11 09h52.09.108146 +0530
19,0,19,down,1,0.4979758,None,2,19,0,19,0,28.719487,,28.7035813,28.719487,29.7191807,29.7191807,30.2192231,down,1,0.4979758,None,2,f1,1,2025-09-11_09h51.50.661,Orientation Discrimination Task,,2025.1.1,60.032874,2025-09-11 09h52.09.108146 +0530
20,0,20,up,1,0.5546706,None,0,20,0,20,0,30.2355024,,30.2194302,30.2355024,31.2351597,31.2185375,31.7852284,up,1,0.5546706,None,0,f1,1,2025-09-11_09h51.50.661,Orientation Discrimination Task,,2025.1.1,60.032874,2025-09-11 09h52.09.108146 +0530
21,0,21,up,1,0.7204837,None,0,21,0,21,0,31.801499,,31.7854289,31.801499,32.8011667,32.7845696,33.5177093,up,1,0.7204837,None,0,f1,1,2025-09-11_09h51.50.661,Orientation Discrimination Task,,2025.1.1,60.032874,2025-09-11 09h52.09.108146 +0530
22,0,22,down,1,0.6368782,None,3,22,0,22,0,33.5340126,,33.5179489,33.5340126,34.5338028,34.5170981,35.1681452,down,1,0.6368782,None,3,f1,1,2025-09-11_09h51.50.661,Orientation Discrimination Task,,2025.1.1,60.032874,2025-09-11 09h52.09.108146 +0530
23,0,23,down,1,0.5300791,None,4,23,0,23,0,35.1833949,,35.1687968,35.1833949,36.1830012,36.1830012,36.7162152,down,1,0.5300791,None,4,f1,1,2025-09-11_09h51.50.661,Orientation Discrimination Task,,2025.1.1,60.032874,2025-09-11 09h52.09.108146 +0530
24,0,24,down,1,0.6135824,None,1,24,0,24,0,36.7325896,,36.7164362,36.7325896,37.7322517,37.71562,38.3323998,down,1,0.6135824,None,1,f1,1,2025-09-11_09h51.50.661,Orientation Discrimination Task,,2025.1.1,60.032874,2025-09-11 09h52.09.108146 +0530
25,0,25,up,1,0.4815534,None,0,25,0,25,0,38.3485177,,38.332685,38.3485177,39.348256,39.3316217,39.8150234,up,1,0.4815534,None,0,f1,1,2025-09-11_09h51.50.661,Orientation Discrimination Task,,2025.1.1,60.032874,2025-09-11 09h52.09.108146 +0530
26,0,26,down,1,0.5509166,None,4,26,0,26,0,39.8312989,,39.8152318,39.8312989,40.8309884,40.8142461,41.3808972,down,1,0.5509166,None,4,f1,1,2025-09-11_09h51.50.661,Orientation Discrimination Task,,2025.1.1,60.032874,2025-09-11 09h52.09.108146 +0530
27,0,27,up,1,0.4928981,None,0,27,0,27,0,41.3972432,,41.381085,41.3972432,42.3969202,42.3802411,42.8802264,up,1,0.4928981,None,0,f1,1,2025-09-11_09h51.50.661,Orientation Discrimination Task,,2025.1.1,60.032874,2025-09-11 09h52.09.108146 +0530
28,0,28,up,0,0.6216382,None,-3,28,0,28,0,42.8966023,,42.880432,42.8966023,43.8962449,43.8795203,44.5128126,up,0,0.6216382,None,-3,f1,1,2025-09-11_09h51.50.661,Orientation Discrimination Task,,2025.1.1,60.032874,2025-09-11 09h52.09.108146 +0530
29,0,29,down,1,2.3529507,None,1,29,0,29,0,44.5291967,,44.5130273,44.5291967,45.528924,45.512206,47.8779463,down,1,2.3529507,None,1,f1,1,2025-09-11_09h51.50.661,Orientation Discrimination Task,,2025.1.1,60.032874,2025-09-11 09h52.09.108146 +0530
30,0,30,down,1,0.7194837,None,4,30,0,30,0,47.8943528,,47.8781556,47.8943528,48.8944021,48.8776195,49.6107265,down,1,0.7194837,None,4,f1,1,2025-09-11_09h51.50.661,Orientation Discrimination Task,,2025.1.1,60.032874,2025-09-11 09h52.09.108146 +0530
31,0,31,down,1,0.715409,None,-5,31,0,31,0,49.6269663,,49.6110434,49.6269663,50.6266736,50.6099764,51.3264988,down,1,0.715409,None,-5,f1,1,2025-09-11_09h51.50.661,Orientation Discrimination Task,,2025.1.1,60.032874,2025-09-11 09h52.09.108146 +0530
32,0,32,down,0,0.603302,None,0,32,0,32,0,51.342822,,51.3267806,51.342822,52.3425395,52.3258962,52.9425138,down,0,0.603302,None,0,f1,1,2025-09-11_09h51.50.661,Orientation Discrimination Task,,2025.1.1,60.032874,2025-09-11 09h52.09.108146 +0530
33,0,33,up,0,0.7114553,None,1,33,0,33,0,52.9587509,,52.9428214,52.9587509,53.9584306,53.9418024,54.6583984,up,0,0.7114553,None,1,f1,1,2025-09-11_09h51.50.661,Orientation Discrimination Task,,2025.1.1,60.032874,2025-09-11 09h52.09.108146 +0530
34,0,34,up,1,0.4553873,None,0,34,0,34,0,54.6747029,,54.6586321,54.6747029,55.6744042,55.6577496,56.124377,up,1,0.4553873,None,0,f1,1,2025-09-11_09h51.50.661,Orientation Discrimination Task,,2025.1.1,60.032874,2025-09-11 09h52.09.108146 +0530
35,0,35,down,1,0.8214989,None,2,35,0,35,0,56.1407214,,56.1246853,56.1407214,57.1402886,57.1237163,57.9568888,down,1,0.8214989,None,2,f1,1,2025-09-11_09h51.50.661,Orientation Discrimination Task,,2025.1.1,60.032874,2025-09-11 09h52.09.108146 +0530
36,0,36,up,1,0.5929219,None,0,36,0,36,0,57.9732406,,57.9570964,57.9732406,58.9729033,58.9563269,59.5562527,up,1,0.5929219,None,0,f1,1,2025-09-11_09h51.50.661,Orientation Discrimination Task,,2025.1.1,60.032874,2025-09-11 09h52.09.108146 +0530
37,0,37,down,1,0.5017305,None,3,37,0,37,0,59.5724973,,59.5564806,59.5724973,60.5722045,60.5555432,61.0722387,down,1,0.5017305,None,3,f1,1,2025-09-11_09h51.50.661,Orientation Discrimination Task,,2025.1.1,60.032874,2025-09-11 09h52.09.108146 +0530
38,0,38,down,1,0.6496833,None,-5,38,0,38,0,61.0885574,,61.0725571,61.0885574,62.0882371,62.071543,62.7381533,down,1,0.6496833,None,-5,f1,1,2025-09-11_09h51.50.661,Orientation Discrimination Task,,2025.1.1,60.032874,2025-09-11 09h52.09.108146 +0530
39,0,39,down,1,0.7917767,None,2,39,0,39,0,62.7544167,,62.7383569,62.7544167,63.7542354,63.7374525,64.5373893,down,1,0.7917767,None,2,f1,1,2025-09-11_09h51.50.661,Orientation Discrimination Task,,2025.1.1,60.032874,2025-09-11 09h52.09.108146 +0530
40,0,40,up,0,0.4406129,None,1,40,0,40,0,64.5536035,,64.5376269,64.5536035,65.5533176,65.5366307,65.9870422,up,0,0.4406129,None,1,f1,1,2025-09-11_09h51.50.661,Orientation Discrimination Task,,2025.1.1,60.032874,2025-09-11 09h52.09.108146 +0530
41,0,41,up,1,0.7464551,None,0,41,0,41,0,66.0031159,,65.9872389,66.0031159,67.0026948,67.0026948,67.7524997,up,1,0.7464551,None,0,f1,1,2025-09-11_09h51.50.661,Orientation Discrimination Task,,2025.1.1,60.032874,2025-09-11 09h52.09.108146 +0530
42,0,42,down,1,0.5690853,None,2,42,0,42,0,67.7688574,,67.7527075,67.7688574,68.7685537,68.7519577,69.3351323,down,1,0.5690853,None,2,f1,1,2025-09-11_09h51.50.661,Orientation Discrimination Task,,2025.1.1,60.032874,2025-09-11 09h52.09.108146 +0530
43,0,43,up,1,0.7306772,None,0,43,0,43,0,69.3515064,,69.3353305,69.3515064,70.3512291,70.3345697,71.0677872,up,1,0.7306772,None,0,f1,1,2025-09-11_09h51.50.661,Orientation Discrimination Task,,2025.1.1,60.032874,2025-09-11 09h52.09.108146 +0530
44,0,44,down,0,0.96234,None,0,44,0,44,0,71.0840648,,71.0679761,71.0840648,72.083772,72.0670999,73.0335451,down,0,0.96234,None,0,f1,1,2025-09-11_09h51.50.661,Orientation Discrimination Task,,2025.1.1,60.032874,2025-09-11 09h52.09.108146 +0530
45,0,45,down,0,0.6202898,None,0,45,0,45,0,73.0499367,,73.033732,73.0499367,74.0495894,74.0328857,74.6661339,down,0,0.6202898,None,0,f1,1,2025-09-11_09h51.50.661,Orientation Discrimination Task,,2025.1.1,60.032874,2025-09-11 09h52.09.108146 +0530
46,0,46,up,0,0.5596794,None,-4,46,0,46,0,74.6825582,,74.6663395,74.6825582,75.6820951,75.6655027,76.2321797,up,0,0.5596794,None,-4,f1,1,2025-09-11_09h51.50.661,Orientation Discrimination Task,,2025.1.1,60.032874,2025-09-11 09h52.09.108146 +0530
47,0,47,down,1,0.5057899,None,2,47,0,47,0,76.2483939,,76.2324927,76.2483939,77.2481768,77.2314712,77.7482335,down,1,0.5057899,None,2,f1,1,2025-09-11_09h51.50.661,Orientation Discrimination Task,,2025.1.1,60.032874,2025-09-11 09h52.09.108146 +0530
48,0,48,up,1,0.7456358,None,0,48,0,48,0,77.7644959,,77.7485594,77.7644959,78.7642087,78.7476371,79.4973625,up,1,0.7456358,None,0,f1,1,2025-09-11_09h51.50.661,Orientation Discrimination Task,,2025.1.1,60.032874,2025-09-11 09h52.09.108146 +0530
49,0,49,up,1,0.6325254,None,0,49,0,49,0,79.5136658,,79.49757,79.5136658,80.5133775,80.4967783,81.1300422,up,1,0.6325254,None,0,f1,1,2025-09-11_09h51.50.661,Orientation Discrimination Task,,2025.1.1,60.032874,2025-09-11 09h52.09.108146 +0530
50,0,50,down,1,0.4917635,None,4,50,0,50,0,81.1463783,,81.1302478,81.1463783,82.1460072,82.1293656,82.6293028,down,1,0.4917635,None,4,f1,1,2025-09-11_09h51.50.661,Orientation Discrimination Task,,2025.1.1,60.032874,2025-09-11 09h52.09.108146 +0530
51,0,51,down,1,0.4804006,None,3,51,0,51,0,82.6455836,,82.6295189,82.6455836,83.6453545,83.6288274,84.1119516,down,1,0.4804006,None,3,f1,1,2025-09-11_09h51.50.661,Orientation Discrimination Task,,2025.1.1,60.032874,2025-09-11 09h52.09.108146 +0530
52,0,52,up,1,1.0178024,None,0,52,0,52,0,84.1283002,,84.1121297,84.1283002,85.1279954,85.111364,86.1443983,up,1,1.0178024,None,0,f1,1,2025-09-11_09h51.50.661,Orientation Discrimination Task,,2025.1.1,60.032874,2025-09-11 09h52.09.108146 +0530
53,0,53,down,1,0.5893567,None,-2,53,0,53,0,86.1608327,,86.1446124,86.1608327,87.1604721,87.1438483,87.7436865,down,1,0.5893567,None,-2,f1,1,2025-09-11_09h51.50.661,Orientation Discrimination Task,,2025.1.1,60.032874,2025-09-11 09h52.09.108146 +0530
54,0,54,down,1,0.6741375,None,-4,54,0,54,0,87.7600228,,87.7438904,87.7600228,88.7596753,88.7429569,89.42633,down,1,0.6741375,None,-4,f1,1,2025-09-11_09h51.50.661,Orientation Discrimination Task,,2025.1.1,60.032874,2025-09-11 09h52.09.108146 +0530
55,0,55,down,1,0.7235679,None,-2,55,0,55,0,89.4425671,,89.4265461,89.4425671,90.4422413,90.4256436,91.1588189,down,1,0.7235679,None,-2,f1,1,2025-09-11_09h51.50.661,Orientation Discrimination Task,,2025.1.1,60.032874,2025-09-11 09h52.09.108146 +0530
56,0,56,down,1,0.4749189,None,-5,56,0,56,0,91.1751875,,91.1590289,91.1751875,92.1748911,92.1582169,92.6415448,down,1,0.4749189,None,-5,f1,1,2025-09-11_09h51.50.661,Orientation Discrimination Task,,2025.1.1,60.032874,2025-09-11 09h52.09.108146 +0530
57,0,57,down,0,0.4363319,None,0,57,0,57,0,92.6579207,,92.6417388,92.6579207,93.6575642,93.6408917,94.090927,down,0,0.4363319,None,0,f1,1,2025-09-11_09h51.50.661,Orientation Discrimination Task,,2025.1.1,60.032874,2025-09-11 09h52.09.108146 +0530
58,0,58,down,0,0.5429747,None,0,58,0,58,0,94.1072043,,94.0912081,94.1072043,95.1069421,95.0902408,95.6405097,down,0,0.5429747,None,0,f1,1,2025-09-11_09h51.50.661,Orientation Discrimination Task,,2025.1.1,60.032874,2025-09-11 09h52.09.108146 +0530
59,0,59,down,0,0.4288496,None,0,59,0,59,0,95.6565356,,95.6406912,95.6565356,96.6561943,96.6561943,97.0894567,down,0,0.4288496,None,0,f1,1,2025-09-11_09h51.50.661,Orientation Discrimination Task,,2025.1.1,60.032874,2025-09-11 09h52.09.108146 +0530
60,0,60,down,1,0.6482601,None,-3,60,0,60,0,97.1058756,,97.0896658,97.1058756,98.1055889,98.0889391,98.7387979,down,1,0.6482601,None,-3,f1,1,2025-09-11_09h51.50.661,Orientation Discrimination Task,,2025.1.1,60.032874,2025-09-11 09h52.09.108146 +0530
61,0,61,down,0,0.507143,None,0,61,0,61,0,98.7551426,,98.7389847,98.7551426,99.7547599,99.7381223,100.2548474,down,0,0.507143,None,0,f1,1,2025-09-11_09h51.50.661,Orientation Discrimination Task,,2025.1.1,60.032874,2025-09-11 09h52.09.108146 +0530
62,0,62,up,1,0.4189881,None,0,62,0,62,0,100.2712026,,100.2550545,100.2712026,101.2709353,101.2541447,101.6876039,up,1,0.4189881,None,0,f1,1,2025-09-11_09h51.50.661,Orientation Discrimination Task,,2025.1.1,60.032874,2025-09-11 09h52.09.108146 +0530
63,0,63,up,1,0.4425645,None,0,63,0,63,0,101.7038657,,101.687802,101.7038657,102.7035626,102.6868861,103.1369922,up,1,0.4425645,None,0,f1,1,2025-09-11_09h51.50.661,Orientation Discrimination Task,,2025.1.1,60.032874,2025-09-11 09h52.09.108146 +0530
64,0,64,down,1,0.476637,None,-3,64,0,64,0,103.1532632,,103.1371951,103.1532632,104.1532875,104.1365925,104.6196579,down,1,0.476637,None,-3,f1,1,2025-09-11_09h51.50.661,Orientation Discrimination Task,,2025.1.1,60.032874,2025-09-11 09h52.09.108146 +0530
65,0,65,up,1,0.7101827,None,0,65,0,65,0,104.6359271,,104.6198428,104.6359271,105.6356213,105.6190339,106.3354457,up,1,0.7101827,None,0,f1,1,2025-09-11_09h51.50.661,Orientation Discrimination Task,,2025.1.1,60.032874,2025-09-11 09h52.09.108146 +0530
66,0,66,up,1,0.5143742,None,0,66,0,66,0,106.3518156,,106.3356323,106.3518156,107.3515119,107.3348691,107.8515564,up,1,0.5143742,None,0,f1,1,2025-09-11_09h51.50.661,Orientation Discrimination Task,,2025.1.1,60.032874,2025-09-11 09h52.09.108146 +0530
67,0,67,down,1,0.9143309,None,1,67,0,67,0,107.8678418,,107.851871,107.8678418,108.8675218,108.8508412,109.7672867,down,1,0.9143309,None,1,f1,1,2025-09-11_09h51.50.661,Orientation Discrimination Task,,2025.1.1,60.032874,2025-09-11 09h52.09.108146 +0530
68,0,68,down,1,0.4985958,None,4,68,0,68,0,109.7836761,,109.7674942,109.7836761,110.7832705,110.7666705,111.2666226,down,1,0.4985958,None,4,f1,1,2025-09-11_09h51.50.661,Orientation Discrimination Task,,2025.1.1,60.032874,2025-09-11 09h52.09.108146 +0530
69,0,69,down,1,0.4352299,None,4,69,0,69,0,111.2829684,,111.2668445,111.2829684,112.2825832,112.2659927,112.7160157,down,1,0.4352299,None,4,f1,1,2025-09-11_09h51.50.661,Orientation Discrimination Task,,2025.1.1,60.032874,2025-09-11 09h52.09.108146 +0530
70,0,70,down,0,0.6378557,None,0,70,0,70,0,112.7323211,,112.7162274,112.7323211,113.7319881,113.7153523,114.3653521,down,0,0.6378557,None,0,f1,1,2025-09-11_09h51.50.661,Orientation Discrimination Task,,2025.1.1,60.032874,2025-09-11 09h52.09.108146 +0530
71,0,71,down,1,0.5286123,None,-4,71,0,71,0,114.3815837,,114.3655671,114.3815837,115.3812831,115.3645994,115.8983225,down,1,0.5286123,None,-4,f1,1,2025-09-11_09h51.50.661,Orientation Discrimination Task,,2025.1.1,60.032874,2025-09-11 09h52.09.108146 +0530
72,0,72,down,1,0.5870954,None,-4,72,0,72,0,115.9143309,,115.8985184,115.9143309,116.9139399,116.9139399,117.5137775,down,1,0.5870954,None,-4,f1,1,2025-09-11_09h51.50.661,Orientation Discrimination Task,,2025.1.1,60.032874,2025-09-11 09h52.09.108146 +0530
73,0,73,up,1,0.8083178,None,0,73,0,73,0,117.530233,,117.5139585,117.530233,118.5302431,118.5133191,119.3298948,up,1,0.8083178,None,0,f1,1,2025-09-11_09h51.50.661,Orientation Discrimination Task,,2025.1.1,60.032874,2025-09-11 09h52.09.108146 +0530
74,0,74,down,1,0.9997651,None,2,74,0,74,0,119.3460496,,119.3302273,119.3460496,120.3457224,120.3457224,121.3622313,down,1,0.9997651,None,2,f1,1,2025-09-11_09h51.50.661,Orientation Discrimination Task,,2025.1.1,60.032874,2025-09-11 09h52.09.108146 +0530
75,0,75,down,1,1.0952852,None,-5,75,0,75,0,121.3788356,,121.3625086,121.3788356,122.3783869,122.361955,123.4615694,down,1,1.0952852,None,-5,f1,1,2025-09-11_09h51.50.661,Orientation Discrimination Task,,2025.1.1,60.032874,2025-09-11 09h52.09.108146 +0530
76,0,76,up,1,0.7044638,None,0,76,0,76,0,123.4776451,,123.4617366,123.4776451,124.477518,124.4607351,125.1776287,up,1,0.7044638,None,0,f1,1,2025-09-11_09h51.50.661,Orientation Discrimination Task,,2025.1.1,60.032874,2025-09-11 09h52.09.108146 +0530
77,0,77,up,1,0.5719284,None,0,77,0,77,0,125.1938166,,125.1778115,125.1938166,126.1932839,126.1932839,126.7767844,up,1,0.5719284,None,0,f1,1,2025-09-11_09h51.50.661,Orientation Discrimination Task,,2025.1.1,60.032874,2025-09-11 09h52.09.108146 +0530
78,0,78,up,0,0.4530922,None,-2,78,0,78,0,126.7932766,,126.7769751,126.7932766,127.7925023,127.7925023,128.2598921,up,0,0.4530922,None,-2,f1,1,2025-09-11_09h51.50.661,Orientation Discrimination Task,,2025.1.1,60.032874,2025-09-11 09h52.09.108146 +0530
79,0,79,up,1,0.5741056,None,0,79,0,79,0,128.2755583,,128.2604096,128.2755583,129.275106,129.275106,129.8584123,up,1,0.5741056,None,0,f1,1,2025-09-11_09h51.50.661,Orientation Discrimination Task,,2025.1.1,60.032874,2025-09-11 09h52.09.108146 +0530
80,0,80,up,1,0.4275328,None,0,80,0,80,0,129.8748012,,129.8586037,129.8748012,130.8743579,130.8577327,131.291069,up,1,0.4275328,None,0,f1,1,2025-09-11_09h51.50.661,Orientation Discrimination Task,,2025.1.1,60.032874,2025-09-11 09h52.09.108146 +0530
81,0,81,up,1,0.45847,None,0,81,0,81,0,131.3074228,,131.2912628,131.3074228,132.3071365,132.290688,132.7570211,up,1,0.45847,None,0,f1,1,2025-09-11_09h51.50.661,Orientation Discrimination Task,,2025.1.1,60.032874,2025-09-11 09h52.09.108146 +0530
82,0,82,down,1,0.6283374,None,-5,82,0,82,0,132.7734363,,132.7572189,132.7734363,133.7736853,133.7567579,134.389545,down,1,0.6283374,None,-5,f1,1,2025-09-11_09h51.50.661,Orientation Discrimination Task,,2025.1.1,60.032874,2025-09-11 09h52.09.108146 +0530
83,0,83,up,1,0.5965332,None,0,83,0,83,0,134.406296,,134.3897133,134.406296,135.4057718,135.3891107,135.9895455,up,1,0.5965332,None,0,f1,1,2025-09-11_09h51.50.661,Orientation Discrimination Task,,2025.1.1,60.032874,2025-09-11 09h52.09.108146 +0530
84,0,84,up,1,0.9041623,None,0,84,0,84,0,136.0057705,,135.9899422,136.0057705,137.0050284,137.0050284,137.9215256,up,1,0.9041623,None,0,f1,1,2025-09-11_09h51.50.661,Orientation Discrimination Task,,2025.1.1,60.032874,2025-09-11 09h52.09.108146 +0530
85,0,85,up,1,0.5362777,None,0,85,0,85,0,137.9377877,,137.9218186,137.9377877,138.9374947,138.9209671,139.4708431,up,1,0.5362777,None,0,f1,1,2025-09-11_09h51.50.661,Orientation Discrimination Task,,2025.1.1,60.032874,2025-09-11 09h52.09.108146 +0530
86,0,86,down,1,0.5070405,None,3,86,0,86,0,139.4872147,,139.4710608,139.4872147,140.4867749,140.4701733,140.9868226,down,1,0.5070405,None,3,f1,1,2025-09-11_09h51.50.661,Orientation Discrimination Task,,2025.1.1,60.032874,2025-09-11 09h52.09.108146 +0530
87,0,87,up,1,0.4750497,None,0,87,0,87,0,141.0030909,,140.9870443,141.0030909,142.0028884,141.9862252,142.4703486,up,1,0.4750497,None,0,f1,1,2025-09-11_09h51.50.661,Orientation Discrimination Task,,2025.1.1,60.032874,2025-09-11 09h52.09.108146 +0530
88,0,88,up,0,0.5677561,None,-2,88,0,88,0,142.4860518,,142.4709873,142.4860518,143.4855457,143.4855457,144.0689217,up,0,0.5677561,None,-2,f1,1,2025-09-11_09h51.50.661,Orientation Discrimination Task,,2025.1.1,60.032874,2025-09-11 09h52.09.108146 +0530
89,0,89,up,1,0.4811321,None,0,89,0,89,0,144.0851418,,144.0691554,144.0851418,145.0848129,145.0681117,145.5515152,up,1,0.4811321,None,0,f1,1,2025-09-11_09h51.50.661,Orientation Discrimination Task,,2025.1.1,60.032874,2025-09-11 09h52.09.108146 +0530
90,0,90,down,1,0.6312545,None,3,90,0,90,0,145.5677415,,145.5518633,145.5677415,146.5674706,146.5507946,147.1840481,down,1,0.6312545,None,3,f1,1,2025-09-11_09h51.50.661,Orientation Discrimination Task,,2025.1.1,60.032874,2025-09-11 09h52.09.108146 +0530
91,0,91,up,0,0.8578743,None,-2,91,0,91,0,147.2004481,,147.1842936,147.2004481,148.2000634,148.1834007,149.0501553,up,0,0.8578743,None,-2,f1,1,2025-09-11_09h51.50.661,Orientation Discrimination Task,,2025.1.1,60.032874,2025-09-11 09h52.09.108146 +0530
92,0,92,down,1,0.5717902,None,3,92,0,92,0,149.0661426,,149.0504346,149.0661426,150.065966,150.065966,150.6497409,down,1,0.5717902,None,3,f1,1,2025-09-11_09h51.50.661,Orientation Discrimination Task,,2025.1.1,60.032874,2025-09-11 09h52.09.108146 +0530
93,0,93,up,1,0.5679129,None,0,93,0,93,0,150.665579,,150.6500412,150.665579,151.6651861,151.6651861,152.2486604,up,1,0.5679129,None,0,f1,1,2025-09-11_09h51.50.661,Orientation Discrimination Task,,2025.1.1,60.032874,2025-09-11 09h52.09.108146 +0530
94,0,94,down,0,0.7887729,None,0,94,0,94,0,152.2648034,,152.2488856,152.2648034,153.2644906,153.2644906,154.0644506,down,0,0.7887729,None,0,f1,1,2025-09-11_09h51.50.661,Orientation Discrimination Task,,2025.1.1,60.032874,2025-09-11 09h52.09.108146 +0530
95,0,95,down,1,0.4735477,None,4,95,0,95,0,154.0807808,,154.0647083,154.0807808,155.0802991,155.063665,155.5471354,down,1,0.4735477,None,4,f1,1,2025-09-11_09h51.50.661,Orientation Discrimination Task,,2025.1.1,60.032874,2025-09-11 09h52.09.108146 +0530
96,0,96,down,1,0.5472221,None,-5,96,0,96,0,155.5633291,,155.5473428,155.5633291,156.5629934,156.5466403,157.0966463,down,1,0.5472221,None,-5,f1,1,2025-09-11_09h51.50.661,Orientation Discrimination Task,,2025.1.1,60.032874,2025-09-11 09h52.09.108146 +0530
97,0,97,down,1,0.5208678,None,4,97,0,97,0,157.1126877,,157.0968376,157.1126877,158.1123566,158.1123566,158.6457913,down,1,0.5208678,None,4,f1,1,2025-09-11_09h51.50.661,Orientation Discrimination Task,,2025.1.1,60.032874,2025-09-11 09h52.09.108146 +0530
98,0,98,up,1,0.6808017,None,0,98,0,98,0,158.6619855,,158.6459518,158.6619855,159.6619293,159.6449681,160.3290399,up,1,0.6808017,None,0,f1,1,2025-09-11_09h51.50.661,Orientation Discrimination Task,,2025.1.1,60.032874,2025-09-11 09h52.09.108146 +0530
99,0,99,up,0,0.7446768,None,-2,99,0,99,0,160.3445347,,160.32954,160.3445347,161.3447359,161.3447359,162.0940133,up,0,0.7446768,None,-2,f1,1,2025-09-11_09h51.50.661,Orientation Discrimination Task,,2025.1.1,60.032874,2025-09-11 09h52.09.108146 +0530
