thisN,thisTrialN,thisRepN,mouse.x,mouse.y,mouse.leftButton,mouse.midButton,mouse.rightButton,mouse.time,mouse.clicked_name,trials.thisRepN,trials.thisTrialN,trials.thisN,trials.thisIndex,thisRow.t,notes,num_distr,trial.started,fixation.started,target.started,mouse.started,trial.stopped,trials.mouse.x,trials.mouse.y,trials.mouse.leftButton,trials.mouse.midButton,trials.mouse.rightButton,trials.mouse.time,trials.mouse.clicked_name,participant,session,date,expName,expVersion,psychopyVersion,frameRate,expStart
0,0,0,[np.float64(-0.03935185185185185)],[np.float64(0.23842592592592593)],[1],[0],[0],[1.714949799934402],['target'],0,0,0,0,0.0741324,,10,0.0454489,0.0741324,0.0741324,0.0454679,1.7604884,[np.float64(-0.03935185185185185)],[np.float64(0.23842592592592593)],[1],[0],[0],[1.714949799934402],['target'],F1,1,2025-10-07_18h25.53.019,Visual Search Experiment,,2025.1.1,60.32753022,2025-10-07 18h26.03.894183 +0530
1,0,1,[np.float64(-0.24074074074074073)],[np.float64(0.18287037037037038)],[1],[0],[0],[1.3483730999287218],['target'],1,0,1,0,1.7895387,,5,1.778815,1.7895387,1.7895387,0.0180864,3.1273488,[np.float64(-0.24074074074074073)],[np.float64(0.18287037037037038)],[1],[0],[0],[1.3483730999287218],['target'],F1,1,2025-10-07_18h25.53.019,Visual Search Experiment,,2025.1.1,60.32753022,2025-10-07 18h26.03.894183 +0530
2,0,2,[np.float64(0.41898148148148145)],[np.float64(0.06365740740740741)],[1],[0],[0],[1.513582400046289],['target'],2,0,2,0,3.1894896,,10,3.1637243,3.1894896,3.1894896,0.0360161,4.6774102,[np.float64(0.41898148148148145)],[np.float64(0.06365740740740741)],[1],[0],[0],[1.513582400046289],['target'],F1,1,2025-10-07_18h25.53.019,Visual Search Experiment,,2025.1.1,60.32753022,2025-10-07 18h26.03.894183 +0530
3,0,3,[np.float64(-0.45601851851851855)],[np.float64(-0.3275462962962963)],[1],[0],[0],[1.5947288998868316],['target'],3,0,3,0,4.7226084,,10,4.6978591,4.7226084,4.7226084,0.0201702,6.2926919,[np.float64(-0.45601851851851855)],[np.float64(-0.3275462962962963)],[1],[0],[0],[1.5947288998868316],['target'],F1,1,2025-10-07_18h25.53.019,Visual Search Experiment,,2025.1.1,60.32753022,2025-10-07 18h26.03.894183 +0530
4,0,4,[np.float64(0.16782407407407407)],[np.float64(-0.15162037037037038)],[1],[0],[0],[1.5797910999972373],['target'],4,0,4,0,6.3385113,,5,6.3132369,6.3385113,6.3385113,0.0202751,7.8931789,[np.float64(0.16782407407407407)],[np.float64(-0.15162037037037038)],[1],[0],[0],[1.5797910999972373],['target'],F1,1,2025-10-07_18h25.53.019,Visual Search Experiment,,2025.1.1,60.32753022,2025-10-07 18h26.03.894183 +0530
5,0,5,[np.float64(0.1412037037037037)],[np.float64(0.17476851851851852)],[1],[0],[0],[1.596516199875623],['target'],5,0,5,0,7.9539425,,10,7.9259008,7.9539425,7.9539425,0.0323879,9.5224585,[np.float64(0.1412037037037037)],[np.float64(0.17476851851851852)],[1],[0],[0],[1.596516199875623],['target'],F1,1,2025-10-07_18h25.53.019,Visual Search Experiment,,2025.1.1,60.32753022,2025-10-07 18h26.03.894183 +0530
6,0,6,[np.float64(0.3333333333333333)],[np.float64(-0.27199074074074076)],[1],[0],[0],[1.8317099998239428],['target'],6,0,6,0,9.5535773,,10,9.5411247,9.5535773,9.5535773,0.0185514,11.3729169,[np.float64(0.3333333333333333)],[np.float64(-0.27199074074074076)],[1],[0],[0],[1.8317099998239428],['target'],F1,1,2025-10-07_18h25.53.019,Visual Search Experiment,,2025.1.1,60.32753022,2025-10-07 18h26.03.894183 +0530
7,0,7,[np.float64(-0.24537037037037038)],[np.float64(-0.44328703703703703)],[1],[0],[0],[1.9677514999639243],['target'],7,0,7,0,11.4026378,,5,11.3908017,11.4026378,11.4026378,0.0176708,13.3587101,[np.float64(-0.24537037037037038)],[np.float64(-0.44328703703703703)],[1],[0],[0],[1.9677514999639243],['target'],F1,1,2025-10-07_18h25.53.019,Visual Search Experiment,,2025.1.1,60.32753022,2025-10-07 18h26.03.894183 +0530
8,0,8,[np.float64(0.4340277777777778)],[np.float64(-0.39814814814814814)],[1],[0],[0],[1.8257823998574167],['target'],8,0,8,0,13.4015509,,5,13.3804516,13.4015509,13.4015509,0.021383,15.2063591,[np.float64(0.4340277777777778)],[np.float64(-0.39814814814814814)],[1],[0],[0],[1.8257823998574167],['target'],F1,1,2025-10-07_18h25.53.019,Visual Search Experiment,,2025.1.1,60.32753022,2025-10-07 18h26.03.894183 +0530
9,0,9,[np.float64(0.2708333333333333)],[np.float64(-0.19212962962962962)],[1],[0],[0],[1.4568469000514597],['target'],9,0,9,0,15.2505667,,5,15.229721,15.2505667,15.2505667,0.0230679,16.6866051,[np.float64(0.2708333333333333)],[np.float64(-0.19212962962962962)],[1],[0],[0],[1.4568469000514597],['target'],F1,1,2025-10-07_18h25.53.019,Visual Search Experiment,,2025.1.1,60.32753022,2025-10-07 18h26.03.894183 +0530
10,0,10,[np.float64(-0.18171296296296297)],[np.float64(0.21412037037037038)],[1],[0],[0],[1.592897100141272],['target'],10,0,10,0,16.7171146,,5,16.6960328,16.7171146,16.7171146,0.0093273,18.2890973,[np.float64(-0.18171296296296297)],[np.float64(0.21412037037037038)],[1],[0],[0],[1.592897100141272],['target'],F1,1,2025-10-07_18h25.53.019,Visual Search Experiment,,2025.1.1,60.32753022,2025-10-07 18h26.03.894183 +0530
11,0,11,[np.float64(-0.03356481481481482)],[np.float64(-0.12384259259259259)],[1],[0],[0],[1.8208910000976175],['target'],11,0,11,0,18.3326089,,5,18.3141902,18.3326089,18.3326089,0.0247308,20.1351203,[np.float64(-0.03356481481481482)],[np.float64(-0.12384259259259259)],[1],[0],[0],[1.8208910000976175],['target'],F1,1,2025-10-07_18h25.53.019,Visual Search Experiment,,2025.1.1,60.32753022,2025-10-07 18h26.03.894183 +0530
12,0,12,[np.float64(0.41898148148148145)],[np.float64(-0.0011574074074074073)],[1],[0],[0],[1.9062471000943333],['target'],12,0,12,0,20.1653659,,5,20.1470409,20.1653659,20.1653659,0.0118357,22.0534076,[np.float64(0.41898148148148145)],[np.float64(-0.0011574074074074073)],[1],[0],[0],[1.9062471000943333],['target'],F1,1,2025-10-07_18h25.53.019,Visual Search Experiment,,2025.1.1,60.32753022,2025-10-07 18h26.03.894183 +0530
13,0,13,[np.float64(0.39699074074074076)],[np.float64(-0.09490740740740741)],[1],[0],[0],[1.6426558000966907],['target'],13,0,13,0,22.097619,,5,22.0766679,22.097619,22.097619,0.0229992,23.7194715,[np.float64(0.39699074074074076)],[np.float64(-0.09490740740740741)],[1],[0],[0],[1.6426558000966907],['target'],F1,1,2025-10-07_18h25.53.019,Visual Search Experiment,,2025.1.1,60.32753022,2025-10-07 18h26.03.894183 +0530
14,0,14,[np.float64(-0.028935185185185185)],[np.float64(-0.1724537037037037)],[1],[0],[0],[1.7981589999981225],['target'],14,0,14,0,23.7632333,,10,23.7521221,23.7632333,23.7632333,0.0323235,25.5503675,[np.float64(-0.028935185185185185)],[np.float64(-0.1724537037037037)],[1],[0],[0],[1.7981589999981225],['target'],F1,1,2025-10-07_18h25.53.019,Visual Search Experiment,,2025.1.1,60.32753022,2025-10-07 18h26.03.894183 +0530
15,0,15,[np.float64(0.4409722222222222)],[np.float64(0.2789351851851852)],[1],[0],[0],[2.095014699967578],['target'],15,0,15,0,25.5964741,,10,25.5713597,25.5964741,25.5964741,0.020767,27.6664685,[np.float64(0.4409722222222222)],[np.float64(0.2789351851851852)],[1],[0],[0],[2.095014699967578],['target'],F1,1,2025-10-07_18h25.53.019,Visual Search Experiment,,2025.1.1,60.32753022,2025-10-07 18h26.03.894183 +0530
16,0,16,[np.float64(0.4548611111111111)],[np.float64(0.47800925925925924)],[1],[0],[0],[1.7801422998309135],['target'],16,0,16,0,27.6955173,,5,27.6844094,27.6955173,27.6955173,0.0176896,29.4645963,[np.float64(0.4548611111111111)],[np.float64(0.47800925925925924)],[1],[0],[0],[1.7801422998309135],['target'],F1,1,2025-10-07_18h25.53.019,Visual Search Experiment,,2025.1.1,60.32753022,2025-10-07 18h26.03.894183 +0530
17,0,17,[np.float64(-0.40162037037037035)],[np.float64(0.48148148148148145)],[1],[0],[0],[2.1584093999117613],['target'],17,0,17,0,29.4949531,,5,29.475074,29.4949531,29.4949531,0.0103684,31.6336445,[np.float64(-0.40162037037037035)],[np.float64(0.48148148148148145)],[1],[0],[0],[2.1584093999117613],['target'],F1,1,2025-10-07_18h25.53.019,Visual Search Experiment,,2025.1.1,60.32753022,2025-10-07 18h26.03.894183 +0530
18,0,18,[np.float64(0.4375)],[np.float64(-0.4027777777777778)],[1],[0],[0],[2.2949483001139015],['target'],18,0,18,0,31.6764174,,5,31.6552953,31.6764174,31.6764174,0.0212981,33.9504355,[np.float64(0.4375)],[np.float64(-0.4027777777777778)],[1],[0],[0],[2.2949483001139015],['target'],F1,1,2025-10-07_18h25.53.019,Visual Search Experiment,,2025.1.1,60.32753022,2025-10-07 18h26.03.894183 +0530
19,0,19,[np.float64(0.005787037037037037)],[np.float64(-0.3599537037037037)],[1],[0],[0],[1.644487400073558],['target'],19,0,19,0,34.0091335,,10,33.9867288,34.0091335,34.0091335,0.0358154,35.6313854,[np.float64(0.005787037037037037)],[np.float64(-0.3599537037037037)],[1],[0],[0],[1.644487400073558],['target'],F1,1,2025-10-07_18h25.53.019,Visual Search Experiment,,2025.1.1,60.32753022,2025-10-07 18h26.03.894183 +0530
20,0,20,[np.float64(0.3402777777777778)],[np.float64(0.10416666666666667)],[1],[0],[0],[1.6216826001182199],['target'],20,0,20,0,35.6753587,,5,35.6565139,35.6753587,35.6753587,0.0247036,37.2782853,[np.float64(0.3402777777777778)],[np.float64(0.10416666666666667)],[1],[0],[0],[1.6216826001182199],['target'],F1,1,2025-10-07_18h25.53.019,Visual Search Experiment,,2025.1.1,60.32753022,2025-10-07 18h26.03.894183 +0530
21,0,21,[np.float64(0.10300925925925926)],[np.float64(0.16319444444444445)],[1],[0],[0],[1.768811599817127],['target'],21,0,21,0,37.3082193,,5,37.2942469,37.3082193,37.3082193,0.0157578,39.0631961,[np.float64(0.10300925925925926)],[np.float64(0.16319444444444445)],[1],[0],[0],[1.768811599817127],['target'],F1,1,2025-10-07_18h25.53.019,Visual Search Experiment,,2025.1.1,60.32753022,2025-10-07 18h26.03.894183 +0530
22,0,22,[np.float64(0.3472222222222222)],[np.float64(-0.3055555555555556)],[1],[0],[0],[1.5400898000225425],['target'],22,0,22,0,39.1070937,,5,39.087606,39.1070937,39.1070937,0.0240737,40.6278088,[np.float64(0.3472222222222222)],[np.float64(-0.3055555555555556)],[1],[0],[0],[1.5400898000225425],['target'],F1,1,2025-10-07_18h25.53.019,Visual Search Experiment,,2025.1.1,60.32753022,2025-10-07 18h26.03.894183 +0530
23,0,23,[np.float64(-0.25578703703703703)],[np.float64(-0.44560185185185186)],[1],[0],[0],[2.1432074999902397],['target'],23,0,23,0,40.6727846,,5,40.6508081,40.6727846,40.6727846,0.0227286,42.7941504,[np.float64(-0.25578703703703703)],[np.float64(-0.44560185185185186)],[1],[0],[0],[2.1432074999902397],['target'],F1,1,2025-10-07_18h25.53.019,Visual Search Experiment,,2025.1.1,60.32753022,2025-10-07 18h26.03.894183 +0530
24,0,24,[np.float64(0.4444444444444444)],[np.float64(0.03125)],[1],[0],[0],[2.5590649000369012],['target'],24,0,24,0,42.8385887,,10,42.8155571,42.8385887,42.8385887,0.0210892,45.3746885,[np.float64(0.4444444444444444)],[np.float64(0.03125)],[1],[0],[0],[2.5590649000369012],['target'],F1,1,2025-10-07_18h25.53.019,Visual Search Experiment,,2025.1.1,60.32753022,2025-10-07 18h26.03.894183 +0530
25,0,25,[np.float64(-0.2326388888888889)],[np.float64(-0.4652777777777778)],[1],[0],[0],[2.2237134999595582],['target'],25,0,25,0,45.4207433,,10,45.4002485,45.4207433,45.4207433,0.0254031,47.6240476,[np.float64(-0.2326388888888889)],[np.float64(-0.4652777777777778)],[1],[0],[0],[2.2237134999595582],['target'],F1,1,2025-10-07_18h25.53.019,Visual Search Experiment,,2025.1.1,60.32753022,2025-10-07 18h26.03.894183 +0530
26,0,26,[np.float64(-0.45023148148148145)],[np.float64(-0.3726851851851852)],[1],[0],[0],[1.811301700072363],['target'],26,0,26,0,47.6700918,,10,47.644125,47.6700918,47.6700918,0.0197669,49.4554734,[np.float64(-0.45023148148148145)],[np.float64(-0.3726851851851852)],[1],[0],[0],[1.811301700072363],['target'],F1,1,2025-10-07_18h25.53.019,Visual Search Experiment,,2025.1.1,60.32753022,2025-10-07 18h26.03.894183 +0530
27,0,27,[np.float64(-0.18287037037037038)],[np.float64(-0.43287037037037035)],[1],[0],[0],[1.7234916999004781],['target'],27,0,27,0,49.4860733,,5,49.4653018,49.4860733,49.4860733,0.0097201,51.188876,[np.float64(-0.18287037037037038)],[np.float64(-0.43287037037037035)],[1],[0],[0],[1.7234916999004781],['target'],F1,1,2025-10-07_18h25.53.019,Visual Search Experiment,,2025.1.1,60.32753022,2025-10-07 18h26.03.894183 +0530
28,0,28,[np.float64(0.2824074074074074)],[np.float64(-0.36226851851851855)],[1],[0],[0],[2.355732599971816],['target'],28,0,28,0,51.2353625,,10,51.215534,51.2353625,51.2353625,0.0264842,53.5713581,[np.float64(0.2824074074074074)],[np.float64(-0.36226851851851855)],[1],[0],[0],[2.355732599971816],['target'],F1,1,2025-10-07_18h25.53.019,Visual Search Experiment,,2025.1.1,60.32753022,2025-10-07 18h26.03.894183 +0530
29,0,29,[np.float64(-0.37962962962962965)],[np.float64(-0.3726851851851852)],[1],[0],[0],[1.928507899865508],['target'],29,0,29,0,53.6174399,,5,53.5910281,53.6174399,53.6174399,0.0194356,55.5195733,[np.float64(-0.37962962962962965)],[np.float64(-0.3726851851851852)],[1],[0],[0],[1.928507899865508],['target'],F1,1,2025-10-07_18h25.53.019,Visual Search Experiment,,2025.1.1,60.32753022,2025-10-07 18h26.03.894183 +0530
30,0,30,[np.float64(-0.32175925925925924)],[np.float64(-0.4050925925925926)],[1],[0],[0],[1.2896330999210477],['target'],30,0,30,0,55.5500345,,5,55.5297493,55.5500345,55.5500345,0.0100809,56.8194651,[np.float64(-0.32175925925925924)],[np.float64(-0.4050925925925926)],[1],[0],[0],[1.2896330999210477],['target'],F1,1,2025-10-07_18h25.53.019,Visual Search Experiment,,2025.1.1,60.32753022,2025-10-07 18h26.03.894183 +0530
31,0,31,[np.float64(-0.2534722222222222)],[np.float64(0.061342592592592594)],[1],[0],[0],[2.1388671998865902],['target'],31,0,31,0,56.8657533,,10,56.8462873,56.8657533,56.8657533,0.0266562,58.9852343,[np.float64(-0.2534722222222222)],[np.float64(0.061342592592592594)],[1],[0],[0],[2.1388671998865902],['target'],F1,1,2025-10-07_18h25.53.019,Visual Search Experiment,,2025.1.1,60.32753022,2025-10-07 18h26.03.894183 +0530
32,0,32,[np.float64(0.4826388888888889)],[np.float64(0.28703703703703703)],[1],[0],[0],[2.3378029000014067],['target'],32,0,32,0,59.0318982,,10,59.0124809,59.0318982,59.0318982,0.0270691,61.3503366,[np.float64(0.4826388888888889)],[np.float64(0.28703703703703703)],[1],[0],[0],[2.3378029000014067],['target'],F1,1,2025-10-07_18h25.53.019,Visual Search Experiment,,2025.1.1,60.32753022,2025-10-07 18h26.03.894183 +0530
33,0,33,[np.float64(-0.35648148148148145)],[np.float64(-0.09490740740740741)],[1],[0],[0],[1.965731600066647],['target'],33,0,33,0,61.38057,,10,61.3689648,61.38057,61.38057,0.0185008,63.3348139,[np.float64(-0.35648148148148145)],[np.float64(-0.09490740740740741)],[1],[0],[0],[1.965731600066647],['target'],F1,1,2025-10-07_18h25.53.019,Visual Search Experiment,,2025.1.1,60.32753022,2025-10-07 18h26.03.894183 +0530
34,0,34,[np.float64(-0.1712962962962963)],[np.float64(0.30439814814814814)],[1],[0],[0],[1.8550405001733452],['target'],34,0,34,0,63.3795955,,5,63.3551349,63.3795955,63.3795955,0.0200585,65.2102074,[np.float64(-0.1712962962962963)],[np.float64(0.30439814814814814)],[1],[0],[0],[1.8550405001733452],['target'],F1,1,2025-10-07_18h25.53.019,Visual Search Experiment,,2025.1.1,60.32753022,2025-10-07 18h26.03.894183 +0530
35,0,35,[np.float64(0.0625)],[np.float64(-0.29976851851851855)],[1],[0],[0],[1.6947997999377549],['target'],35,0,35,0,65.2462112,,5,65.2195088,65.2462112,65.2462112,0.0092176,66.9144101,[np.float64(0.0625)],[np.float64(-0.29976851851851855)],[1],[0],[0],[1.6947997999377549],['target'],F1,1,2025-10-07_18h25.53.019,Visual Search Experiment,,2025.1.1,60.32753022,2025-10-07 18h26.03.894183 +0530
36,0,36,[np.float64(0.0625)],[np.float64(-0.29976851851851855)],[1],[0],[0],[0.25174620002508163],[None],36,0,36,0,66.9615332,,10,66.9456609,66.9615332,66.9615332,0.0310339,67.1974903,[np.float64(0.0625)],[np.float64(-0.29976851851851855)],[1],[0],[0],[0.25174620002508163],[None],F1,1,2025-10-07_18h25.53.019,Visual Search Experiment,,2025.1.1,60.32753022,2025-10-07 18h26.03.894183 +0530
37,0,37,[np.float64(-0.49421296296296297)],[np.float64(0.13310185185185186)],[1],[0],[0],[1.7037536001298577],['target'],37,0,37,0,67.2442122,,10,67.2266904,67.2442122,67.2442122,0.0289698,68.9305007,[np.float64(-0.49421296296296297)],[np.float64(0.13310185185185186)],[1],[0],[0],[1.7037536001298577],['target'],F1,1,2025-10-07_18h25.53.019,Visual Search Experiment,,2025.1.1,60.32753022,2025-10-07 18h26.03.894183 +0530
38,0,38,[np.float64(-0.22106481481481483)],[np.float64(-0.45023148148148145)],[1],[0],[0],[3.492511199787259],['target'],38,0,38,0,68.9772615,,10,68.9548657,68.9772615,68.9772615,0.0242086,72.4474762,[np.float64(-0.22106481481481483)],[np.float64(-0.45023148148148145)],[1],[0],[0],[3.492511199787259],['target'],F1,1,2025-10-07_18h25.53.019,Visual Search Experiment,,2025.1.1,60.32753022,2025-10-07 18h26.03.894183 +0530
39,0,39,[np.float64(-0.44560185185185186)],[np.float64(0.19907407407407407)],[1],[0],[0],[1.699540700064972],['target'],39,0,39,0,72.4754624,,5,72.4650743,72.4754624,72.4754624,0.017328,74.164773,[np.float64(-0.44560185185185186)],[np.float64(0.19907407407407407)],[1],[0],[0],[1.699540700064972],['target'],F1,1,2025-10-07_18h25.53.019,Visual Search Experiment,,2025.1.1,60.32753022,2025-10-07 18h26.03.894183 +0530
40,0,40,[np.float64(-0.4039351851851852)],[np.float64(-0.017361111111111112)],[1],[0],[0],[1.5788902000058442],['target'],40,0,40,0,74.224688,,10,74.1988553,74.224688,74.224688,0.0337235,75.7778163,[np.float64(-0.4039351851851852)],[np.float64(-0.017361111111111112)],[1],[0],[0],[1.5788902000058442],['target'],F1,1,2025-10-07_18h25.53.019,Visual Search Experiment,,2025.1.1,60.32753022,2025-10-07 18h26.03.894183 +0530
41,0,41,[np.float64(0.44907407407407407)],[np.float64(-0.11226851851851852)],[1],[0],[0],[2.7254862000700086],['target'],41,0,41,0,75.8239743,,10,75.8019533,75.8239743,75.8239743,0.0239434,78.5275686,[np.float64(0.44907407407407407)],[np.float64(-0.11226851851851852)],[1],[0],[0],[2.7254862000700086],['target'],F1,1,2025-10-07_18h25.53.019,Visual Search Experiment,,2025.1.1,60.32753022,2025-10-07 18h26.03.894183 +0530
42,0,42,[np.float64(0.03125)],[np.float64(-0.1527777777777778)],[1],[0],[0],[1.9343818000052124],['target'],42,0,42,0,78.5727674,,10,78.5580606,78.5727674,78.5727674,0.030233,80.4925643,[np.float64(0.03125)],[np.float64(-0.1527777777777778)],[1],[0],[0],[1.9343818000052124],['target'],F1,1,2025-10-07_18h25.53.019,Visual Search Experiment,,2025.1.1,60.32753022,2025-10-07 18h26.03.894183 +0530
43,0,43,[np.float64(-0.30787037037037035)],[np.float64(0.09375)],[1],[0],[0],[1.9554103000555187],['target'],43,0,43,0,80.52236,,5,80.5051762,80.52236,80.52236,0.0122938,82.4607391,[np.float64(-0.30787037037037035)],[np.float64(0.09375)],[1],[0],[0],[1.9554103000555187],['target'],F1,1,2025-10-07_18h25.53.019,Visual Search Experiment,,2025.1.1,60.32753022,2025-10-07 18h26.03.894183 +0530
44,0,44,[np.float64(0.17476851851851852)],[np.float64(0.09375)],[1],[0],[0],[1.894423000048846],['target'],44,0,44,0,82.5040607,,5,82.4818931,82.5040607,82.5040607,0.020824,84.3764798,[np.float64(0.17476851851851852)],[np.float64(0.09375)],[1],[0],[0],[1.894423000048846],['target'],F1,1,2025-10-07_18h25.53.019,Visual Search Experiment,,2025.1.1,60.32753022,2025-10-07 18h26.03.894183 +0530
45,0,45,[np.float64(-0.49189814814814814)],[np.float64(-0.4201388888888889)],[1],[0],[0],[1.7705698001664132],['target'],45,0,45,0,84.4206114,,5,84.4019785,84.4206114,84.4206114,0.0251503,86.1726646,[np.float64(-0.49189814814814814)],[np.float64(-0.4201388888888889)],[1],[0],[0],[1.7705698001664132],['target'],F1,1,2025-10-07_18h25.53.019,Visual Search Experiment,,2025.1.1,60.32753022,2025-10-07 18h26.03.894183 +0530
46,0,46,[np.float64(0.2962962962962963)],[np.float64(0.3611111111111111)],[1],[0],[0],[2.153783099958673],['target'],46,0,46,0,86.2031803,,5,86.1851355,86.2031803,86.2031803,0.0121911,88.339004,[np.float64(0.2962962962962963)],[np.float64(0.3611111111111111)],[1],[0],[0],[2.153783099958673],['target'],F1,1,2025-10-07_18h25.53.019,Visual Search Experiment,,2025.1.1,60.32753022,2025-10-07 18h26.03.894183 +0530
47,0,47,[np.float64(0.006944444444444444)],[np.float64(-0.32523148148148145)],[1],[0],[0],[2.0543929000850767],['target'],47,0,47,0,88.3680791,,5,88.3504776,88.3680791,88.3680791,0.0113038,90.4050072,[np.float64(0.006944444444444444)],[np.float64(-0.32523148148148145)],[1],[0],[0],[2.0543929000850767],['target'],F1,1,2025-10-07_18h25.53.019,Visual Search Experiment,,2025.1.1,60.32753022,2025-10-07 18h26.03.894183 +0530
48,0,48,[np.float64(0.24074074074074073)],[np.float64(0.4513888888888889)],[1],[0],[0],[3.642903700005263],['target'],48,0,48,0,90.4676162,,10,90.4417784,90.4676162,90.4676162,0.0364705,94.0847523,[np.float64(0.24074074074074073)],[np.float64(0.4513888888888889)],[1],[0],[0],[3.642903700005263],['target'],F1,1,2025-10-07_18h25.53.019,Visual Search Experiment,,2025.1.1,60.32753022,2025-10-07 18h26.03.894183 +0530
49,0,49,[np.float64(-0.44907407407407407)],[np.float64(-0.23842592592592593)],[1],[0],[0],[5.638434200081974],['target'],49,0,49,0,94.1325571,,10,94.1115461,94.1325571,94.1325571,0.0266185,99.7500212,[np.float64(-0.44907407407407407)],[np.float64(-0.23842592592592593)],[1],[0],[0],[5.638434200081974],['target'],F1,1,2025-10-07_18h25.53.019,Visual Search Experiment,,2025.1.1,60.32753022,2025-10-07 18h26.03.894183 +0530
50,0,0,[np.float64(-0.13425925925925927)],[np.float64(0.20601851851851852)],[1],[0],[0],[1.4938916000537574],['target'],0,0,0,0,0.0658569,,5,0.0408627,0.0658569,0.0658569,0.0408816,1.5348224,[np.float64(-0.13425925925925927)],[np.float64(0.20601851851851852)],[1],[0],[0],[1.4938916000537574],['target'],F2,1,2025-10-07_18h31.21.364,Visual Search Experiment,,2025.1.1,60.26793921,2025-10-07 18h31.30.001480 +0530
51,0,1,[np.float64(0.08912037037037036)],[np.float64(-0.4074074074074074)],[1],[0],[0],[1.958801600150764],['target'],1,0,1,0,1.5805616,,10,1.5568369,1.5805616,1.5805616,0.0219365,3.5156794,[np.float64(0.08912037037037036)],[np.float64(-0.4074074074074074)],[1],[0],[0],[1.958801600150764],['target'],F2,1,2025-10-07_18h31.21.364,Visual Search Experiment,,2025.1.1,60.26793921,2025-10-07 18h31.30.001480 +0530
52,0,2,[np.float64(0.24074074074074073)],[np.float64(-0.034722222222222224)],[1],[0],[0],[1.9125802998896688],['target'],2,0,2,0,3.5631325,,10,3.5370321,3.5631325,3.5631325,0.0212544,5.4497084,[np.float64(0.24074074074074073)],[np.float64(-0.034722222222222224)],[1],[0],[0],[1.9125802998896688],['target'],F2,1,2025-10-07_18h31.21.364,Visual Search Experiment,,2025.1.1,60.26793921,2025-10-07 18h31.30.001480 +0530
53,0,3,[np.float64(0.4664351851851852)],[np.float64(-0.41898148148148145)],[1],[0],[0],[1.864114300115034],['target'],3,0,3,0,5.4795071,,5,5.4673205,5.4795071,5.4795071,0.017379,7.3314781,[np.float64(0.4664351851851852)],[np.float64(-0.41898148148148145)],[1],[0],[0],[1.864114300115034],['target'],F2,1,2025-10-07_18h31.21.364,Visual Search Experiment,,2025.1.1,60.26793921,2025-10-07 18h31.30.001480 +0530
54,0,4,[np.float64(0.09722222222222222)],[np.float64(0.047453703703703706)],[1],[0],[0],[1.4872147999703884],['target'],4,0,4,0,7.3617215,,5,7.3425982,7.3617215,7.3617215,0.0110456,8.8298553,[np.float64(0.09722222222222222)],[np.float64(0.047453703703703706)],[1],[0],[0],[1.4872147999703884],['target'],F2,1,2025-10-07_18h31.21.364,Visual Search Experiment,,2025.1.1,60.26793921,2025-10-07 18h31.30.001480 +0530
55,0,5,[np.float64(0.2361111111111111)],[np.float64(0.4201388888888889)],[1],[0],[0],[1.7252993998117745],['target'],5,0,5,0,8.8611364,,5,8.83976,8.8611364,8.8611364,0.0097964,10.5651824,[np.float64(0.2361111111111111)],[np.float64(0.4201388888888889)],[1],[0],[0],[1.7252993998117745],['target'],F2,1,2025-10-07_18h31.21.364,Visual Search Experiment,,2025.1.1,60.26793921,2025-10-07 18h31.30.001480 +0530
56,0,6,[np.float64(0.06481481481481481)],[np.float64(-0.18287037037037038)],[1],[0],[0],[1.676608899841085],['target'],6,0,6,0,10.6103412,,10,10.5861821,10.6103412,10.6103412,0.0207101,12.2629121,[np.float64(0.06481481481481481)],[np.float64(-0.18287037037037038)],[1],[0],[0],[1.676608899841085],['target'],F2,1,2025-10-07_18h31.21.364,Visual Search Experiment,,2025.1.1,60.26793921,2025-10-07 18h31.30.001480 +0530
57,0,7,[np.float64(-0.4826388888888889)],[np.float64(0.22453703703703703)],[1],[0],[0],[1.6883994000963867],['target'],7,0,7,0,12.2929518,,5,12.2758398,12.2929518,12.2929518,0.0125788,13.9643712,[np.float64(-0.4826388888888889)],[np.float64(0.22453703703703703)],[1],[0],[0],[1.6883994000963867],['target'],F2,1,2025-10-07_18h31.21.364,Visual Search Experiment,,2025.1.1,60.26793921,2025-10-07 18h31.30.001480 +0530
58,0,8,[np.float64(0.21412037037037038)],[np.float64(0.13657407407407407)],[1],[0],[0],[2.2262965000700206],['target'],8,0,8,0,14.0086275,,5,13.9852648,14.0086275,14.0086275,0.0206301,16.2115983,[np.float64(0.21412037037037038)],[np.float64(0.13657407407407407)],[1],[0],[0],[2.2262965000700206],['target'],F2,1,2025-10-07_18h31.21.364,Visual Search Experiment,,2025.1.1,60.26793921,2025-10-07 18h31.30.001480 +0530
59,0,9,[np.float64(-0.23842592592592593)],[np.float64(-0.13078703703703703)],[1],[0],[0],[1.6055100997909904],['target'],9,0,9,0,16.2412113,,5,16.2214293,16.2412113,16.2412113,0.0097422,17.8270777,[np.float64(-0.23842592592592593)],[np.float64(-0.13078703703703703)],[1],[0],[0],[1.6055100997909904],['target'],F2,1,2025-10-07_18h31.21.364,Visual Search Experiment,,2025.1.1,60.26793921,2025-10-07 18h31.30.001480 +0530
60,0,10,[np.float64(0.2025462962962963)],[np.float64(-0.2534722222222222)],[1],[0],[0],[1.9470081999897957],['target'],10,0,10,0,17.8899306,,10,17.8629765,17.8899306,17.8899306,0.0356274,19.8100482,[np.float64(0.2025462962962963)],[np.float64(-0.2534722222222222)],[1],[0],[0],[1.9470081999897957],['target'],F2,1,2025-10-07_18h31.21.364,Visual Search Experiment,,2025.1.1,60.26793921,2025-10-07 18h31.30.001480 +0530
61,0,11,[np.float64(-0.39699074074074076)],[np.float64(-0.29976851851851855)],[1],[0],[0],[2.526411300059408],['target'],11,0,11,0,19.8554359,,5,19.8337845,19.8554359,19.8554359,0.0235917,22.3603195,[np.float64(-0.39699074074074076)],[np.float64(-0.29976851851851855)],[1],[0],[0],[2.526411300059408],['target'],F2,1,2025-10-07_18h31.21.364,Visual Search Experiment,,2025.1.1,60.26793921,2025-10-07 18h31.30.001480 +0530
62,0,12,[np.float64(0.09953703703703703)],[np.float64(-0.09606481481481481)],[1],[0],[0],[1.8579492000862956],['target'],12,0,12,0,22.4051649,,5,22.38484,22.4051649,22.4051649,0.0242428,24.242886,[np.float64(0.09953703703703703)],[np.float64(-0.09606481481481481)],[1],[0],[0],[1.8579492000862956],['target'],F2,1,2025-10-07_18h31.21.364,Visual Search Experiment,,2025.1.1,60.26793921,2025-10-07 18h31.30.001480 +0530
63,0,13,[np.float64(0.4166666666666667)],[np.float64(-0.010416666666666666)],[1],[0],[0],[1.7780273000244051],['target'],13,0,13,0,24.2876041,,10,24.2641084,24.2876041,24.2876041,0.0208804,26.0422546,[np.float64(0.4166666666666667)],[np.float64(-0.010416666666666666)],[1],[0],[0],[1.7780273000244051],['target'],F2,1,2025-10-07_18h31.21.364,Visual Search Experiment,,2025.1.1,60.26793921,2025-10-07 18h31.30.001480 +0530
64,0,14,[np.float64(-0.2361111111111111)],[np.float64(0.13078703703703703)],[1],[0],[0],[1.7961920001544058],['target'],14,0,14,0,26.1030836,,10,26.0762031,26.1030836,26.1030836,0.0336371,27.8724495,[np.float64(-0.2361111111111111)],[np.float64(0.13078703703703703)],[1],[0],[0],[1.7961920001544058],['target'],F2,1,2025-10-07_18h31.21.364,Visual Search Experiment,,2025.1.1,60.26793921,2025-10-07 18h31.30.001480 +0530
65,0,15,[np.float64(0.19560185185185186)],[np.float64(0.2199074074074074)],[1],[0],[0],[1.7882866999134421],['target'],15,0,15,0,27.9022311,,5,27.8855076,27.9022311,27.9022311,0.0129164,29.6739349,[np.float64(0.19560185185185186)],[np.float64(0.2199074074074074)],[1],[0],[0],[1.7882866999134421],['target'],F2,1,2025-10-07_18h31.21.364,Visual Search Experiment,,2025.1.1,60.26793921,2025-10-07 18h31.30.001480 +0530
66,0,16,[np.float64(-0.16666666666666666)],[np.float64(-0.2511574074074074)],[1],[0],[0],[2.2438350999727845],['target'],16,0,16,0,29.7349814,,10,29.7105599,29.7349814,29.7349814,0.0363533,31.9544765,[np.float64(-0.16666666666666666)],[np.float64(-0.2511574074074074)],[1],[0],[0],[2.2438350999727845],['target'],F2,1,2025-10-07_18h31.21.364,Visual Search Experiment,,2025.1.1,60.26793921,2025-10-07 18h31.30.001480 +0530
67,0,17,[np.float64(-0.21412037037037038)],[np.float64(-0.3113425925925926)],[1],[0],[0],[1.583541999803856],['target'],17,0,17,0,31.9832419,,5,31.9700271,31.9832419,31.9832419,0.0153395,33.5536119,[np.float64(-0.21412037037037038)],[np.float64(-0.3113425925925926)],[1],[0],[0],[1.583541999803856],['target'],F2,1,2025-10-07_18h31.21.364,Visual Search Experiment,,2025.1.1,60.26793921,2025-10-07 18h31.30.001480 +0530
68,0,18,[np.float64(0.3854166666666667)],[np.float64(-0.011574074074074073)],[1],[0],[0],[1.8395183999091387],['target'],18,0,18,0,33.5839372,,5,33.5628197,33.5839372,33.5839372,0.0091141,35.4023999,[np.float64(0.3854166666666667)],[np.float64(-0.011574074074074073)],[1],[0],[0],[1.8395183999091387],['target'],F2,1,2025-10-07_18h31.21.364,Visual Search Experiment,,2025.1.1,60.26793921,2025-10-07 18h31.30.001480 +0530
69,0,19,[np.float64(-0.24189814814814814)],[np.float64(-0.0798611111111111)],[1],[0],[0],[1.6031734999269247],['target'],19,0,19,0,35.4318762,,5,35.414973,35.4318762,35.4318762,0.0124577,37.0182624,[np.float64(-0.24189814814814814)],[np.float64(-0.0798611111111111)],[1],[0],[0],[1.6031734999269247],['target'],F2,1,2025-10-07_18h31.21.364,Visual Search Experiment,,2025.1.1,60.26793921,2025-10-07 18h31.30.001480 +0530
70,0,20,[np.float64(0.2534722222222222)],[np.float64(-0.4097222222222222)],[1],[0],[0],[1.9611466999631375],['target'],20,0,20,0,37.0647847,,5,37.0406648,37.0647847,37.0647847,0.0221356,39.0018969,[np.float64(0.2534722222222222)],[np.float64(-0.4097222222222222)],[1],[0],[0],[1.9611466999631375],['target'],F2,1,2025-10-07_18h31.21.364,Visual Search Experiment,,2025.1.1,60.26793921,2025-10-07 18h31.30.001480 +0530
71,0,21,[np.float64(0.4085648148148148)],[np.float64(-0.13310185185185186)],[1],[0],[0],[1.8276877000462264],['target'],21,0,21,0,39.0477745,,5,39.022515,39.0477745,39.0477745,0.0203847,40.8502786,[np.float64(0.4085648148148148)],[np.float64(-0.13310185185185186)],[1],[0],[0],[1.8276877000462264],['target'],F2,1,2025-10-07_18h31.21.364,Visual Search Experiment,,2025.1.1,60.26793921,2025-10-07 18h31.30.001480 +0530
72,0,22,[np.float64(0.2800925925925926)],[np.float64(-0.4583333333333333)],[1],[0],[0],[2.1205176000948995],['target'],22,0,22,0,40.8961472,,10,40.8801049,40.8961472,40.8961472,0.0296322,43.000791,[np.float64(0.2800925925925926)],[np.float64(-0.4583333333333333)],[1],[0],[0],[2.1205176000948995],['target'],F2,1,2025-10-07_18h31.21.364,Visual Search Experiment,,2025.1.1,60.26793921,2025-10-07 18h31.30.001480 +0530
73,0,23,[np.float64(0.12962962962962962)],[np.float64(-0.4050925925925926)],[1],[0],[0],[1.4765490000136197],['target'],23,0,23,0,43.0453916,,5,43.0222156,43.0453916,43.0453916,0.0209936,44.4988779,[np.float64(0.12962962962962962)],[np.float64(-0.4050925925925926)],[1],[0],[0],[1.4765490000136197],['target'],F2,1,2025-10-07_18h31.21.364,Visual Search Experiment,,2025.1.1,60.26793921,2025-10-07 18h31.30.001480 +0530
74,0,24,[np.float64(-0.42476851851851855)],[np.float64(-0.2777777777777778)],[1],[0],[0],[1.6127259000204504],['target'],24,0,24,0,44.5620395,,10,44.5343336,44.5620395,44.5620395,0.0352012,46.1470992,[np.float64(-0.42476851851851855)],[np.float64(-0.2777777777777778)],[1],[0],[0],[1.6127259000204504],['target'],F2,1,2025-10-07_18h31.21.364,Visual Search Experiment,,2025.1.1,60.26793921,2025-10-07 18h31.30.001480 +0530
75,0,25,[np.float64(-0.4270833333333333)],[np.float64(0.4895833333333333)],[1],[0],[0],[2.654871700098738],['target'],25,0,25,0,46.1776885,,10,46.1654525,46.1776885,46.1776885,0.0182469,48.8203697,[np.float64(-0.4270833333333333)],[np.float64(0.4895833333333333)],[1],[0],[0],[2.654871700098738],['target'],F2,1,2025-10-07_18h31.21.364,Visual Search Experiment,,2025.1.1,60.26793921,2025-10-07 18h31.30.001480 +0530
76,0,26,[np.float64(0.40046296296296297)],[np.float64(0.45023148148148145)],[1],[0],[0],[3.257269399939105],['target'],26,0,26,0,48.8596382,,10,48.838848,48.8596382,48.8596382,0.0183811,52.0962151,[np.float64(0.40046296296296297)],[np.float64(0.45023148148148145)],[1],[0],[0],[3.257269399939105],['target'],F2,1,2025-10-07_18h31.21.364,Visual Search Experiment,,2025.1.1,60.26793921,2025-10-07 18h31.30.001480 +0530
77,0,27,[np.float64(-0.4398148148148148)],[np.float64(0.2916666666666667)],[1],[0],[0],[1.6648429001215845],['target'],27,0,27,0,52.1251389,,5,52.1139647,52.1251389,52.1251389,0.0175031,53.7789579,[np.float64(-0.4398148148148148)],[np.float64(0.2916666666666667)],[1],[0],[0],[1.6648429001215845],['target'],F2,1,2025-10-07_18h31.21.364,Visual Search Experiment,,2025.1.1,60.26793921,2025-10-07 18h31.30.001480 +0530
78,0,28,[np.float64(0.08564814814814815)],[np.float64(0.22685185185185186)],[1],[0],[0],[1.7115066000260413],['target'],28,0,28,0,53.8240866,,5,53.8005213,53.8240866,53.8240866,0.0212304,55.5121441,[np.float64(0.08564814814814815)],[np.float64(0.22685185185185186)],[1],[0],[0],[1.7115066000260413],['target'],F2,1,2025-10-07_18h31.21.364,Visual Search Experiment,,2025.1.1,60.26793921,2025-10-07 18h31.30.001480 +0530
79,0,29,[np.float64(0.16087962962962962)],[np.float64(-0.33449074074074076)],[1],[0],[0],[7.942711099982262],['target'],29,0,29,0,55.5727679,,10,55.5467915,55.5727679,55.5727679,0.0343734,63.4895469,[np.float64(0.16087962962962962)],[np.float64(-0.33449074074074076)],[1],[0],[0],[7.942711099982262],['target'],F2,1,2025-10-07_18h31.21.364,Visual Search Experiment,,2025.1.1,60.26793921,2025-10-07 18h31.30.001480 +0530
80,0,30,[np.float64(0.25810185185185186)],[np.float64(-0.061342592592592594)],[1],[0],[0],[1.5312655000016093],['target'],30,0,30,0,63.5359008,,10,63.5090895,63.5359008,63.5359008,0.0194288,65.0404536,[np.float64(0.25810185185185186)],[np.float64(-0.061342592592592594)],[1],[0],[0],[1.5312655000016093],['target'],F2,1,2025-10-07_18h31.21.364,Visual Search Experiment,,2025.1.1,60.26793921,2025-10-07 18h31.30.001480 +0530
81,0,31,[np.float64(0.4444444444444444)],[np.float64(0.05324074074074074)],[1],[0],[0],[1.6692008001264185],['target'],31,0,31,0,65.0857518,,10,65.0699881,65.0857518,65.0857518,0.0292591,66.739285,[np.float64(0.4444444444444444)],[np.float64(0.05324074074074074)],[1],[0],[0],[1.6692008001264185],['target'],F2,1,2025-10-07_18h31.21.364,Visual Search Experiment,,2025.1.1,60.26793921,2025-10-07 18h31.30.001480 +0530
82,0,32,[np.float64(0.28935185185185186)],[np.float64(-0.08217592592592593)],[1],[0],[0],[1.5472424000035971],['target'],32,0,32,0,66.7854234,,5,66.7590751,66.7854234,66.7854234,0.0195498,68.306421,[np.float64(0.28935185185185186)],[np.float64(-0.08217592592592593)],[1],[0],[0],[1.5472424000035971],['target'],F2,1,2025-10-07_18h31.21.364,Visual Search Experiment,,2025.1.1,60.26793921,2025-10-07 18h31.30.001480 +0530
83,0,33,[np.float64(-0.29398148148148145)],[np.float64(0.4398148148148148)],[1],[0],[0],[1.764025199925527],['target'],33,0,33,0,68.3677034,,10,68.3397287,68.3677034,68.3677034,0.0330746,70.1038375,[np.float64(-0.29398148148148145)],[np.float64(0.4398148148148148)],[1],[0],[0],[1.764025199925527],['target'],F2,1,2025-10-07_18h31.21.364,Visual Search Experiment,,2025.1.1,60.26793921,2025-10-07 18h31.30.001480 +0530
84,0,34,[np.float64(-0.22106481481481483)],[np.float64(-0.3888888888888889)],[1],[0],[0],[1.9153617001138628],['target'],34,0,34,0,70.1340406,,5,70.1206695,70.1340406,70.1340406,0.0166302,72.0360688,[np.float64(-0.22106481481481483)],[np.float64(-0.3888888888888889)],[1],[0],[0],[1.9153617001138628],['target'],F2,1,2025-10-07_18h31.21.364,Visual Search Experiment,,2025.1.1,60.26793921,2025-10-07 18h31.30.001480 +0530
85,0,35,[np.float64(0.3125)],[np.float64(-0.4131944444444444)],[1],[0],[0],[1.9299618999939412],['target'],35,0,35,0,72.0833613,,10,72.0556228,72.0833613,72.0833613,0.0194656,73.9856683,[np.float64(0.3125)],[np.float64(-0.4131944444444444)],[1],[0],[0],[1.9299618999939412],['target'],F2,1,2025-10-07_18h31.21.364,Visual Search Experiment,,2025.1.1,60.26793921,2025-10-07 18h31.30.001480 +0530
86,0,36,[np.float64(-0.4351851851851852)],[np.float64(0.1863425925925926)],[1],[0],[0],[1.619317299919203],['target'],36,0,36,0,74.0323212,,10,74.0150002,74.0323212,74.0323212,0.0290975,75.6343829,[np.float64(-0.4351851851851852)],[np.float64(0.1863425925925926)],[1],[0],[0],[1.619317299919203],['target'],F2,1,2025-10-07_18h31.21.364,Visual Search Experiment,,2025.1.1,60.26793921,2025-10-07 18h31.30.001480 +0530
87,0,37,[np.float64(0.4525462962962963)],[np.float64(0.1712962962962963)],[1],[0],[0],[2.2748183000367135],['target'],37,0,37,0,75.681597,,10,75.6594294,75.681597,75.681597,0.0248838,77.9343462,[np.float64(0.4525462962962963)],[np.float64(0.1712962962962963)],[1],[0],[0],[2.2748183000367135],['target'],F2,1,2025-10-07_18h31.21.364,Visual Search Experiment,,2025.1.1,60.26793921,2025-10-07 18h31.30.001480 +0530
88,0,38,[np.float64(0.04282407407407408)],[np.float64(0.12152777777777778)],[1],[0],[0],[1.5781557001173496],['target'],38,0,38,0,77.9796429,,5,77.9547424,77.9796429,77.9796429,0.0201706,79.5329335,[np.float64(0.04282407407407408)],[np.float64(0.12152777777777778)],[1],[0],[0],[1.5781557001173496],['target'],F2,1,2025-10-07_18h31.21.364,Visual Search Experiment,,2025.1.1,60.26793921,2025-10-07 18h31.30.001480 +0530
89,0,39,[np.float64(0.13310185185185186)],[np.float64(-0.016203703703703703)],[1],[0],[0],[1.4928991000633687],['target'],39,0,39,0,79.5624291,,5,79.5418736,79.5624291,79.5624291,0.0088441,81.0349274,[np.float64(0.13310185185185186)],[np.float64(-0.016203703703703703)],[1],[0],[0],[1.4928991000633687],['target'],F2,1,2025-10-07_18h31.21.364,Visual Search Experiment,,2025.1.1,60.26793921,2025-10-07 18h31.30.001480 +0530
90,0,40,[np.float64(0.2222222222222222)],[np.float64(0.21412037037037038)],[1],[0],[0],[1.741290400037542],['target'],40,0,40,0,81.0789037,,5,81.0575201,81.0789037,81.0789037,0.0222801,82.7989092,[np.float64(0.2222222222222222)],[np.float64(0.21412037037037038)],[1],[0],[0],[1.741290400037542],['target'],F2,1,2025-10-07_18h31.21.364,Visual Search Experiment,,2025.1.1,60.26793921,2025-10-07 18h31.30.001480 +0530
91,0,41,[np.float64(-0.15393518518518517)],[np.float64(-0.19560185185185186)],[1],[0],[0],[1.7432872999925166],['target'],41,0,41,0,82.8449349,,5,82.820445,82.8449349,82.8449349,0.0213276,84.5638372,[np.float64(-0.15393518518518517)],[np.float64(-0.19560185185185186)],[1],[0],[0],[1.7432872999925166],['target'],F2,1,2025-10-07_18h31.21.364,Visual Search Experiment,,2025.1.1,60.26793921,2025-10-07 18h31.30.001480 +0530
92,0,42,[np.float64(0.3680555555555556)],[np.float64(-0.4386574074074074)],[1],[0],[0],[1.9570357000920922],['target'],42,0,42,0,84.6268455,,10,84.6060672,84.6268455,84.6268455,0.0419999,86.5631694,[np.float64(0.3680555555555556)],[np.float64(-0.4386574074074074)],[1],[0],[0],[1.9570357000920922],['target'],F2,1,2025-10-07_18h31.21.364,Visual Search Experiment,,2025.1.1,60.26793921,2025-10-07 18h31.30.001480 +0530
93,0,43,[np.float64(-0.4583333333333333)],[np.float64(-0.33912037037037035)],[1],[0],[0],[1.8399493999313563],['target'],43,0,43,0,86.6100942,,10,86.5911457,86.6100942,86.6100942,0.027788,88.4312142,[np.float64(-0.4583333333333333)],[np.float64(-0.33912037037037035)],[1],[0],[0],[1.8399493999313563],['target'],F2,1,2025-10-07_18h31.21.364,Visual Search Experiment,,2025.1.1,60.26793921,2025-10-07 18h31.30.001480 +0530
94,0,44,[np.float64(-0.0023148148148148147)],[np.float64(0.18055555555555555)],[1],[0],[0],[1.9648941000923514],['target'],44,0,44,0,88.4918802,,10,88.4640985,88.4918802,88.4918802,0.0325783,90.4290874,[np.float64(-0.0023148148148148147)],[np.float64(0.18055555555555555)],[1],[0],[0],[1.9648941000923514],['target'],F2,1,2025-10-07_18h31.21.364,Visual Search Experiment,,2025.1.1,60.26793921,2025-10-07 18h31.30.001480 +0530
95,0,45,[np.float64(-0.33796296296296297)],[np.float64(-0.03935185185185185)],[1],[0],[0],[1.5481043001636863],['target'],45,0,45,0,90.4748464,,5,90.4482316,90.4748464,90.4748464,0.018891,91.9964841,[np.float64(-0.33796296296296297)],[np.float64(-0.03935185185185185)],[1],[0],[0],[1.5481043001636863],['target'],F2,1,2025-10-07_18h31.21.364,Visual Search Experiment,,2025.1.1,60.26793921,2025-10-07 18h31.30.001480 +0530
96,0,46,[np.float64(-0.06712962962962964)],[np.float64(-0.48726851851851855)],[1],[0],[0],[1.9418766999151558],['target'],46,0,46,0,92.0571384,,10,92.0342473,92.0571384,92.0571384,0.0374698,93.9761692,[np.float64(-0.06712962962962964)],[np.float64(-0.48726851851851855)],[1],[0],[0],[1.9418766999151558],['target'],F2,1,2025-10-07_18h31.21.364,Visual Search Experiment,,2025.1.1,60.26793921,2025-10-07 18h31.30.001480 +0530
97,0,47,[np.float64(0.3275462962962963)],[np.float64(0.49074074074074076)],[1],[0],[0],[1.689445999916643],['target'],47,0,47,0,94.0066972,,5,93.9859829,94.0066972,94.0066972,0.0096902,95.6755477,[np.float64(0.3275462962962963)],[np.float64(0.49074074074074076)],[1],[0],[0],[1.689445999916643],['target'],F2,1,2025-10-07_18h31.21.364,Visual Search Experiment,,2025.1.1,60.26793921,2025-10-07 18h31.30.001480 +0530
98,0,48,[np.float64(0.28703703703703703)],[np.float64(-0.4861111111111111)],[1],[0],[0],[2.060292199952528],['target'],48,0,48,0,95.7226365,,5,95.6982937,95.7226365,95.7226365,0.0224954,97.7586336,[np.float64(0.28703703703703703)],[np.float64(-0.4861111111111111)],[1],[0],[0],[2.060292199952528],['target'],F2,1,2025-10-07_18h31.21.364,Visual Search Experiment,,2025.1.1,60.26793921,2025-10-07 18h31.30.001480 +0530
99,0,49,[np.float64(-0.0763888888888889)],[np.float64(0.3101851851851852)],[1],[0],[0],[1.6619539000093937],['target'],49,0,49,0,97.8040522,,10,97.7795942,97.8040522,97.8040522,0.020846,99.4416379,[np.float64(-0.0763888888888889)],[np.float64(0.3101851851851852)],[1],[0],[0],[1.6619539000093937],['target'],F2,1,2025-10-07_18h31.21.364,Visual Search Experiment,,2025.1.1,60.26793921,2025-10-07 18h31.30.001480 +0530
