delay,freq,condition,thisN,thisTrialN,thisRepN,key_resp.keys,key_resp.rt,key_resp.duration,textbox.text,button.numClicks,button.timesOn,button.timesOff,trials.thisRepN,trials.thisTrialN,trials.thisN,trials.thisIndex,thisRow.t,notes,trial.started,polygon.started,polygon_2.started,key_resp.started,polygon.stopped,trial.stopped,trials.key_resp.keys,trials.key_resp.rt,trials.key_resp.duration,beep.started,sound_1.started,sound_1.stopped,beep.stopped,response.started,text.started,textbox.started,button.started,response.stopped,trials.textbox.text,trials.button.numClicks,trials.button.timesOn,trials.button.timesOff,participant,session,date,expName,expVersion,psychopyVersion,frameRate,expStart
0.1,1000,exp,0,0,0,space,0.956531,None,100,1,[2.8186306999996305],[2.8186361000407487],0,0,0,9,0.2545645,,0.2427171,0.2545645,1.0061614,1.0061614,1.2564543,1.9910161,space,0.956531,None,1.9914718,2.106553267,2.4367928,2.4086869,2.4091881,2.4367928,2.4367928,2.4367928,5.255709,100,1,[2.8186306999996305],[2.8186361000407487],P02,1,2025-11-12_13h59.43.455,intentional binding task,,2025.1.1,59.74493692,2025-11-12 14h01.14.975269 +0530
0.1,1000,exp,1,1,0,space,2.0832901,None,200,1,[4.051656799856573],[4.051663399906829],0,1,1,3,5.2710131,,5.2559184,5.2710131,6.271037,6.271037,6.271037,8.3699644,space,2.0832901,None,8.3704137,8.469468467,8.7849103,8.7703425,8.7706017,8.7849103,8.7849103,8.7849103,12.8367772,200,1,[4.051656799856573],[4.051663399906829],P02,1,2025-11-12_13h59.43.455,intentional binding task,,2025.1.1,59.74493692,2025-11-12 14h01.14.975269 +0530
0.7,1000,exp,2,2,0,space,0.354132,None,100,1,[2.502297200029716],[2.5023038999643177],0,2,2,8,12.8514919,,12.8369453,12.8514919,13.8522331,13.8522331,13.8522331,14.2170061,space,0.354132,None,14.2173927,14.91663257,15.2312402,15.2191012,15.2194051,15.2312402,15.2312402,15.2312402,17.733754,100,1,[2.502297200029716],[2.5023038999643177],P02,1,2025-11-12_13h59.43.455,intentional binding task,,2025.1.1,59.74493692,2025-11-12 14h01.14.975269 +0530
0.7,1000,exp,3,3,0,space,1.1224675,None,200,1,[2.2014771001413465],[2.201484100194648],0,3,3,5,17.7504055,,17.7339222,17.7504055,18.7324706,18.7324706,18.7652093,19.8658274,space,1.1224675,None,19.8662073,20.56533867,20.8791888,20.8600832,20.8603336,20.8791888,20.8791888,20.8791888,23.0808889,200,1,[2.2014771001413465],[2.201484100194648],P02,1,2025-11-12_13h59.43.455,intentional binding task,,2025.1.1,59.74493692,2025-11-12 14h01.14.975269 +0530
0.1,400,unexp,4,4,0,space,1.0821723,None,400,1,[2.565454199910164],[2.5654608998447657],0,4,4,0,23.0964918,,23.0810649,23.0964918,24.0962376,24.0962376,24.0962376,25.1802438,space,1.0821723,None,25.1806516,25.27949967,25.5964557,25.5792589,25.5795035,25.5964557,25.5964557,25.5964557,28.1621207,400,1,[2.565454199910164],[2.5654608998447657],P02,1,2025-11-12_13h59.43.455,intentional binding task,,2025.1.1,59.74493692,2025-11-12 14h01.14.975269 +0530
0.7,400,unexp,5,5,0,space,0.5927636,None,700,1,[1.1864992999471724],[1.1865067000035197],0,5,5,2,28.177996,,28.1622949,28.177996,29.1778324,29.1778324,29.1778324,29.77812,space,0.5927636,None,29.7788576,30.49307397,30.8085034,30.7966947,30.7970004,30.8085034,30.8085034,30.8085034,31.9952188,700,1,[1.1864992999471724],[1.1865067000035197],P02,1,2025-11-12_13h59.43.455,intentional binding task,,2025.1.1,59.74493692,2025-11-12 14h01.14.975269 +0530
0.7,1000,exp,6,6,0,space,0.5252277,None,100,1,[2.815911900019273],[2.8159229001030326],0,6,6,11,32.0106624,,31.9953937,32.0106624,33.0100401,33.0100401,33.0268935,33.5416388,space,0.5252277,None,33.5420334,34.24275597,34.5583094,34.5447688,34.5452697,34.5583094,34.5583094,34.5583094,37.3745491,100,1,[2.815911900019273],[2.8159229001030326],P02,1,2025-11-12_13h59.43.455,intentional binding task,,2025.1.1,59.74493692,2025-11-12 14h01.14.975269 +0530
0.4,1000,exp,7,7,0,space,0.7921832,None,200,1,[0.4356180999893695],[0.43562430003657937],0,7,7,10,37.3913421,,37.3747946,37.3913421,38.3905251,38.3905251,38.3905251,39.1907627,space,0.7921832,None,39.191143,39.60647297,39.9210638,39.9093867,39.909647,39.9210638,39.9210638,39.9210638,40.3568948,,1,[0.4356180999893695],[0.43562430003657937],P02,1,2025-11-12_13h59.43.455,intentional binding task,,2025.1.1,59.74493692,2025-11-12 14h01.14.975269 +0530
0.4,1000,exp,8,8,0,space,0.8035009,None,200,1,[1.4184473999775946],[1.4184535001404583],0,8,8,7,40.3729905,,40.357062,40.3729905,41.371438,41.371438,41.371438,42.1877673,space,0.8035009,None,42.18818,42.58742457,42.9026019,42.8874922,42.887764,42.9026019,42.9026019,42.9026019,44.3212653,200,1,[1.4184473999775946],[1.4184535001404583],P02,1,2025-11-12_13h59.43.455,intentional binding task,,2025.1.1,59.74493692,2025-11-12 14h01.14.975269 +0530
0.4,400,unexp,9,9,0,space,0.4105437,None,400,1,[4.431683599948883],[4.431690199999139],0,9,9,1,44.3382948,,44.32143,44.3382948,45.321302,45.321302,45.3377164,45.7392087,space,0.4105437,None,45.739595,46.15431777,46.4697769,46.4530059,46.4532403,46.4697769,46.4697769,46.4697769,50.901675,400,1,[4.431683599948883],[4.431690199999139],P02,1,2025-11-12_13h59.43.455,intentional binding task,,2025.1.1,59.74493692,2025-11-12 14h01.14.975269 +0530
0.1,1000,exp,10,10,0,space,0.655066,None,230,1,[5.384069100022316],[5.384075300069526],0,10,10,6,50.9190643,,50.9018513,50.9190643,51.9002804,51.9002804,51.9337464,52.5678412,space,0.655066,None,52.5684309,52.68311207,52.9983137,52.9792675,52.979596,52.9983137,52.9983137,52.9983137,58.3826006,230,1,[5.384069100022316],[5.384075300069526],P02,1,2025-11-12_13h59.43.455,intentional binding task,,2025.1.1,59.74493692,2025-11-12 14h01.14.975269 +0530
0.4,1000,exp,11,11,0,space,1.3093106,None,100,1,[2.7524498999118805],[2.752456899965182],0,11,11,4,58.3983142,,58.3827713,58.3983142,59.3972116,59.3972116,59.4142527,60.7133278,space,1.3093106,None,60.7137737,61.11261297,61.4278288,61.4077163,61.4079902,61.4278288,61.4278288,61.4278288,64.1804939,100,1,[2.7524498999118805],[2.752456899965182],P02,1,2025-11-12_13h59.43.455,intentional binding task,,2025.1.1,59.74493692,2025-11-12 14h01.14.975269 +0530
0.4,400,unexp,12,0,1,space,0.9878329,None,320,1,[1.369026199914515],[1.3690329999662936],1,0,12,1,64.1965092,,64.1806706,64.1965092,65.1947483,65.1947483,65.2107484,66.1945334,space,0.9878329,None,66.19504,66.59472327,66.9101634,66.8981061,66.8983537,66.9101634,66.9101634,66.9101634,68.2793978,320,1,[1.369026199914515],[1.3690329999662936],P02,1,2025-11-12_13h59.43.455,intentional binding task,,2025.1.1,59.74493692,2025-11-12 14h01.14.975269 +0530
0.7,1000,exp,13,1,1,space,1.0008394,None,200,1,[2.2670181000139564],[2.267023499822244],1,1,13,8,68.2927664,,68.2795732,68.2927664,69.2938469,69.2938469,69.2938469,70.309006,space,1.0008394,None,70.3094995,71.00994107,71.3255388,71.3116923,71.3119555,71.3255388,71.3255388,71.3255388,73.5927854,200,1,[2.2670181000139564],[2.267023499822244],P02,1,2025-11-12_13h59.43.455,intentional binding task,,2025.1.1,59.74493692,2025-11-12 14h01.14.975269 +0530
0.4,1000,exp,14,2,1,space,0.331927,None,100,1,[3.5018676000181586],[3.5018728999421],1,2,14,4,73.6088368,,73.592946,73.6088368,74.6075997,74.6075997,74.6250972,74.944929,space,0.331927,None,74.9466295,75.35684057,75.6713888,75.6567941,75.6570723,75.6713888,75.6713888,75.6713888,79.173463,100,1,[3.5018676000181586],[3.5018728999421],P02,1,2025-11-12_13h59.43.455,intentional binding task,,2025.1.1,59.74493692,2025-11-12 14h01.14.975269 +0530
0.7,1000,exp,15,3,1,space,0.7379571,None,200,1,[1.4027052999008447],[1.4027110999450088],1,3,15,11,79.1891584,,79.1736294,79.1891584,80.1885624,80.1885624,80.1885624,80.9385537,space,0.7379571,None,80.9389849,81.63831537,81.9523861,81.9405132,81.9408038,81.9523861,81.9523861,81.9523861,83.3552982,200,1,[1.4027052999008447],[1.4027110999450088],P02,1,2025-11-12_13h59.43.455,intentional binding task,,2025.1.1,59.74493692,2025-11-12 14h01.14.975269 +0530
0.4,1000,exp,16,4,1,space,0.3968801,None,100,1,[2.5327350001316518],[2.532741399947554],1,4,16,7,83.3706892,,83.3554561,83.3706892,84.3695927,84.3695927,84.3876703,84.7705722,space,0.3968801,None,84.7709638,85.18670667,85.5202476,85.5006305,85.5009948,85.5202476,85.5202476,85.5202476,88.0531902,100,1,[2.5327350001316518],[2.532741399947554],P02,1,2025-11-12_13h59.43.455,intentional binding task,,2025.1.1,59.74493692,2025-11-12 14h01.14.975269 +0530
0.4,1000,exp,17,5,1,space,1.3191517,None,50,1,[1.1519180000759661],[1.1519243998918682],1,5,17,10,88.0676212,,88.0533497,88.0676212,89.0676591,89.0676591,89.0676591,90.4014752,space,1.3191517,None,90.4018695,90.80050977,91.1149551,91.0991572,91.0994252,91.1149551,91.1149551,91.1149551,92.2670775,50,1,[1.1519180000759661],[1.1519243998918682],P02,1,2025-11-12_13h59.43.455,intentional binding task,,2025.1.1,59.74493692,2025-11-12 14h01.14.975269 +0530
0.1,1000,exp,18,6,1,space,0.2388688,None,30,1,[2.3664267999120057],[2.3664329999592155],1,6,18,9,92.283904,,92.2672372,92.283904,93.2676324,93.2676324,93.2829468,93.5170247,space,0.2388688,None,93.5174136,93.61700677,93.9487816,93.9302205,93.9306392,93.9487816,93.9487816,93.9487816,96.3154405,30,1,[2.3664267999120057],[2.3664329999592155],P02,1,2025-11-12_13h59.43.455,intentional binding task,,2025.1.1,59.74493692,2025-11-12 14h01.14.975269 +0530
0.1,1000,exp,19,7,1,space,0.4877561,None,200,1,[3.4665123000741005],[3.466521400026977],1,7,19,3,96.3313349,,96.3156139,96.3313349,97.331207,97.331207,97.331207,97.8316843,space,0.4877561,None,97.8320641,97.93171917,98.2464728,98.2331743,98.2334054,98.2464728,98.2464728,98.2464728,101.7132935,200,1,[3.4665123000741005],[3.466521400026977],P02,1,2025-11-12_13h59.43.455,intentional binding task,,2025.1.1,59.74493692,2025-11-12 14h01.14.975269 +0530
0.1,1000,exp,20,8,1,space,0.7232399,None,150,1,[3.6017811000347137],[3.6017875999677926],1,8,20,6,101.7292419,,101.7135528,101.7292419,102.7281185,102.7281185,102.7281185,103.4624854,space,0.7232399,None,103.462879,103.5615555,103.8754821,103.8574284,103.857691,103.8754821,103.8754821,103.8754821,107.4775072,150,1,[3.6017811000347137],[3.6017875999677926],P02,1,2025-11-12_13h59.43.455,intentional binding task,,2025.1.1,59.74493692,2025-11-12 14h01.14.975269 +0530
0.1,400,unexp,21,9,1,space,0.4261954,None,400,1,[2.551990699954331],[2.5519971000030637],1,9,21,0,107.4924572,,107.4776693,107.4924572,108.4922152,108.4922152,108.4922152,108.92532,space,0.4261954,None,108.9257287,109.0263803,109.3400087,109.3286353,109.3289624,109.3400087,109.3400087,109.3400087,111.8922061,400,1,[2.551990699954331],[2.5519971000030637],P02,1,2025-11-12_13h59.43.455,intentional binding task,,2025.1.1,59.74493692,2025-11-12 14h01.14.975269 +0530
0.7,400,unexp,22,10,1,space,2.1778748,None,700,1,[2.3680824001785368],[2.3680889001116157],1,10,22,2,111.9083766,,111.8923672,111.9083766,112.908557,112.908557,112.908557,115.0907759,space,2.1778748,None,115.0912499,115.7899541,116.1212197,116.090598,116.0911305,116.1212197,116.1212197,116.1212197,118.489517,700,1,[2.3680824001785368],[2.3680889001116157],P02,1,2025-11-12_13h59.43.455,intentional binding task,,2025.1.1,59.74493692,2025-11-12 14h01.14.975269 +0530
0.7,1000,exp,23,11,1,space,0.0659614,None,200,1,[1.9683491000905633],[1.9683550000190735],1,11,23,5,118.5061945,,118.4896804,118.5061945,119.5051873,119.5051873,119.521201,119.5875266,space,0.0659614,None,119.5879497,120.2869864,120.6017926,120.5879628,120.5883691,120.6017926,120.6017926,120.6017926,122.5703515,200,1,[1.9683491000905633],[1.9683550000190735],P02,1,2025-11-12_13h59.43.455,intentional binding task,,2025.1.1,59.74493692,2025-11-12 14h01.14.975269 +0530
0.4,1000,exp,24,0,2,space,0.3201047,None,150,1,[1.9685913000721484],[1.9685973001178354],2,0,24,7,122.5858794,,122.5705106,122.5858794,123.5867596,123.5867596,123.5867596,123.9196898,space,0.3201047,None,123.9203271,124.3198544,124.6331682,124.6167421,124.6169949,124.6331682,124.6331682,124.6331682,126.6019675,150,1,[1.9685913000721484],[1.9685973001178354],P02,1,2025-11-12_13h59.43.455,intentional binding task,,2025.1.1,59.74493692,2025-11-12 14h01.14.975269 +0530
0.7,1000,exp,25,1,2,space,0.2812905,None,320,1,[2.402981699910015],[2.402987699955702],2,1,25,8,126.617643,,126.6021263,126.617643,127.6172074,127.6172074,127.6172074,127.9018946,space,0.2812905,None,127.9024683,128.6169969,128.9311042,128.9178588,128.9181141,128.9311042,128.9311042,128.9311042,131.3342929,320,1,[2.402981699910015],[2.402987699955702],P02,1,2025-11-12_13h59.43.455,intentional binding task,,2025.1.1,59.74493692,2025-11-12 14h01.14.975269 +0530
0.7,1000,exp,26,2,2,space,0.2580116,None,230,1,[3.3522778002079576],[3.3522847001440823],2,2,26,11,131.3498766,,131.3344508,131.3498766,132.348479,132.348479,132.365385,132.6155568,space,0.2580116,None,132.6160136,133.3156471,133.629401,133.6142238,133.6146448,133.629401,133.629401,133.629401,136.9819036,230,1,[3.3522778002079576],[3.3522847001440823],P02,1,2025-11-12_13h59.43.455,intentional binding task,,2025.1.1,59.74493692,2025-11-12 14h01.14.975269 +0530
0.4,400,unexp,27,3,2,space,1.0265904,None,600,1,[2.0006960001774132],[2.000703100115061],2,3,27,1,136.99752,,136.9820763,136.99752,137.9958605,137.9958605,138.0122703,139.028766,space,1.0265904,None,139.0291677,139.4295036,139.7617726,139.7432949,139.7435864,139.7617726,139.7617726,139.7617726,141.762804,600,1,[2.0006960001774132],[2.000703100115061],P02,1,2025-11-12_13h59.43.455,intentional binding task,,2025.1.1,59.74493692,2025-11-12 14h01.14.975269 +0530
0.7,400,unexp,28,4,2,space,0.5147419,None,700,1,[3.151954700006172],[3.151959899812937],2,4,28,2,141.779169,,141.7630731,141.779169,142.7636378,142.7636378,142.7799943,143.2955088,space,0.5147419,None,143.2959214,143.9949263,144.3084381,144.2970714,144.2973714,144.3084381,144.3084381,144.3084381,147.4606058,700,1,[3.151954700006172],[3.151959899812937],P02,1,2025-11-12_13h59.43.455,intentional binding task,,2025.1.1,59.74493692,2025-11-12 14h01.14.975269 +0530
0.4,1000,exp,29,5,2,space,1.1393614,None,100,1,[4.383922700071707],[4.383932000026107],2,5,29,10,147.4768602,,147.4607672,147.4768602,148.4759414,148.4759414,148.4913493,149.6256901,space,1.1393614,None,149.6260775,150.041115,150.355636,150.3387433,150.3390137,150.355636,150.355636,150.355636,154.7398517,100,1,[4.383922700071707],[4.383932000026107],P02,1,2025-11-12_13h59.43.455,intentional binding task,,2025.1.1,59.74493692,2025-11-12 14h01.14.975269 +0530
0.1,400,unexp,30,6,2,space,0.3122511,None,300,1,[2.4510890000965446],[2.4510954001452774],2,6,30,0,154.7550124,,154.740085,154.7550124,155.7548018,155.7548018,155.7548018,156.0717858,space,0.3122511,None,156.072178,156.1722113,156.4866695,156.4704366,156.47075,156.4866695,156.4866695,156.4866695,158.9379757,300,1,[2.4510890000965446],[2.4510954001452774],P02,1,2025-11-12_13h59.43.455,intentional binding task,,2025.1.1,59.74493692,2025-11-12 14h01.14.975269 +0530
0.1,1000,exp,31,7,2,space,0.2479437,None,200,1,[2.2165582000743598],[2.2165649000089616],2,7,31,3,158.9535196,,158.9381371,158.9535196,159.9543133,159.9543133,159.9543133,160.2032532,space,0.2479437,None,160.203633,160.3041286,160.6199748,160.6029304,160.6032197,160.6199748,160.6199748,160.6199748,162.8367497,200,1,[2.2165582000743598],[2.2165649000089616],P02,1,2025-11-12_13h59.43.455,intentional binding task,,2025.1.1,59.74493692,2025-11-12 14h01.14.975269 +0530
0.7,1000,exp,32,8,2,space,4.0516837,None,100,1,[13.979321100050583],[13.97932710009627],2,8,32,5,162.8524459,,162.8369193,162.8524459,163.8513428,163.8513428,163.8513428,167.9162234,space,4.0516837,None,167.9167708,168.6165217,168.9306893,168.9101511,168.910577,168.9306893,168.9306893,168.9306893,182.910226,100,1,[13.979321100050583],[13.97932710009627],P02,1,2025-11-12_13h59.43.455,intentional binding task,,2025.1.1,59.74493692,2025-11-12 14h01.14.975269 +0530
0.1,1000,exp,33,9,2,space,0.2738694,None,200,1,[5.40178700000979],[5.401793699944392],2,9,33,9,182.9275718,,182.9104004,182.9275718,183.9092419,183.9092419,183.9426282,184.1927049,space,0.2738694,None,184.1930845,184.2928371,184.606718,184.5905006,184.5907731,184.606718,184.606718,184.606718,190.0088543,200,1,[5.40178700000979],[5.401793699944392],P02,1,2025-11-12_13h59.43.455,intentional binding task,,2025.1.1,59.74493692,2025-11-12 14h01.14.975269 +0530
0.4,1000,exp,34,10,2,space,0.3291841,None,300,1,[1.8851393000222743],[1.8851469999644905],2,10,34,4,190.0227581,,190.0090438,190.0227581,191.0223129,191.0223129,191.0223129,191.3567287,space,0.3291841,None,191.3574771,191.7564199,192.0705318,192.052537,192.0527803,192.0705318,192.0705318,192.0705318,193.9558967,300,1,[1.8851393000222743],[1.8851469999644905],P02,1,2025-11-12_13h59.43.455,intentional binding task,,2025.1.1,59.74493692,2025-11-12 14h01.14.975269 +0530
0.1,1000,exp,35,11,2,space,0.3628961,None,100,1,[2.20027850009501],[2.2002850000280887],2,11,35,6,193.9712344,,193.9560583,193.9712344,194.9715477,194.9715477,194.9715477,195.3388648,space,0.3628961,None,195.3392668,195.4555791,195.771066,195.7545125,195.7547661,195.771066,195.771066,195.771066,197.971565,100,1,[2.20027850009501],[2.2002850000280887],P02,1,2025-11-12_13h59.43.455,intentional binding task,,2025.1.1,59.74493692,2025-11-12 14h01.14.975269 +0530
0.7,400,unexp,36,0,3,space,0.2894522,None,400,1,[1.685370999854058],[1.6853775000199676],3,0,36,2,197.9860148,,197.9717315,197.9860148,198.9856161,198.9856161,198.9856161,199.2875578,space,0.2894522,None,199.2879307,200.0026824,200.3167509,200.2998964,200.3001941,200.3167509,200.3167509,200.3167509,202.0023539,400,1,[1.685370999854058],[1.6853775000199676],P02,1,2025-11-12_13h59.43.455,intentional binding task,,2025.1.1,59.74493692,2025-11-12 14h01.14.975269 +0530
0.4,1000,exp,37,1,3,space,0.2577379,None,200,1,[1.685362699907273],[1.6853692999575287],3,1,37,7,202.0181206,,202.002525,202.0181206,203.0174825,203.0174825,203.0174825,203.2859524,space,0.2577379,None,203.2864695,203.7003118,204.015094,203.9973466,203.9975979,204.015094,204.015094,204.015094,205.7006685,200,1,[1.685362699907273],[1.6853692999575287],P02,1,2025-11-12_13h59.43.455,intentional binding task,,2025.1.1,59.74493692,2025-11-12 14h01.14.975269 +0530
0.7,1000,exp,38,2,3,space,0.6952117,None,100,1,[2.2012771998997778],[2.2012834998313338],3,2,38,8,205.7163431,,205.7008346,205.7163431,206.6992356,206.6992356,206.7166282,207.3989186,space,0.6952117,None,207.3993061,208.0981285,208.4145927,208.3981816,208.3984856,208.4145927,208.4145927,208.4145927,210.6161381,100,1,[2.2012771998997778],[2.2012834998313338],P02,1,2025-11-12_13h59.43.455,intentional binding task,,2025.1.1,59.74493692,2025-11-12 14h01.14.975269 +0530
0.1,1000,exp,39,3,3,space,0.6549103,None,220,1,[3.9322015999350697],[3.932208799989894],3,3,39,3,210.6315573,,210.6162951,210.6315573,211.6315848,211.6315848,211.6315848,212.2976927,space,0.6549103,None,212.2980754,212.3977051,212.7296565,212.7113009,212.7115962,212.7296565,212.7296565,212.7296565,216.6620745,220,1,[3.9322015999350697],[3.932208799989894],P02,1,2025-11-12_13h59.43.455,intentional binding task,,2025.1.1,59.74493692,2025-11-12 14h01.14.975269 +0530
0.4,1000,exp,40,4,3,space,0.2576132,None,200,1,[2.119401799980551],[2.11940829991363],3,4,40,10,216.6782313,,216.6622427,216.6782313,217.6781866,217.6781866,217.6781866,217.9457172,space,0.2576132,None,217.9461118,218.3607112,218.6756689,218.6601134,218.6603628,218.6756689,218.6756689,218.6756689,220.7952828,200,1,[2.119401799980551],[2.11940829991363],P02,1,2025-11-12_13h59.43.455,intentional binding task,,2025.1.1,59.74493692,2025-11-12 14h01.14.975269 +0530
0.7,1000,exp,41,5,3,space,0.3282105,None,100,1,[1.4845090999733657],[1.4845161999110132],3,5,41,11,220.8101492,,220.795443,220.8101492,221.8102799,221.8102799,221.8102799,222.1426243,space,0.3282105,None,222.1430069,222.8424968,223.1569934,223.1378244,223.1381873,223.1569934,223.1569934,223.1569934,224.6417272,100,1,[1.4845090999733657],[1.4845161999110132],P02,1,2025-11-12_13h59.43.455,intentional binding task,,2025.1.1,59.74493692,2025-11-12 14h01.14.975269 +0530
0.4,400,unexp,42,6,3,space,0.7140901,None,200,1,[2.367973299929872],[2.367979699978605],3,6,42,1,224.6584177,,224.641899,224.6584177,225.6444919,225.6444919,225.6584482,226.3753656,space,0.7140901,None,226.3759282,226.7743957,227.1049857,227.0782092,227.0785546,227.1049857,227.1049857,227.1049857,229.4731795,200,1,[2.367973299929872],[2.367979699978605],P02,1,2025-11-12_13h59.43.455,intentional binding task,,2025.1.1,59.74493692,2025-11-12 14h01.14.975269 +0530
0.1,400,unexp,43,7,3,space,0.5041394,None,500,1,[2.685338699957356],[2.6853457000106573],3,7,43,0,229.4892707,,229.4733499,229.4892707,230.4903119,230.4903119,230.4903119,231.0069119,space,0.5041394,None,231.0072876,231.1213973,231.4363399,231.4196429,231.4199594,231.4363399,231.4363399,231.4363399,234.1219498,500,1,[2.685338699957356],[2.6853457000106573],P02,1,2025-11-12_13h59.43.455,intentional binding task,,2025.1.1,59.74493692,2025-11-12 14h01.14.975269 +0530
0.4,1000,exp,44,8,3,space,0.6977835,None,200,1,[1.9010727999266237],[1.9010790998581797],3,8,44,4,234.1380582,,234.1221164,234.1380582,235.1367081,235.1367081,235.1535249,235.8375406,space,0.6977835,None,235.8380248,236.2367729,236.5513129,236.533731,236.5339929,236.5513129,236.5513129,236.5513129,238.4525919,200,1,[1.9010727999266237],[1.9010790998581797],P02,1,2025-11-12_13h59.43.455,intentional binding task,,2025.1.1,59.74493692,2025-11-12 14h01.14.975269 +0530
0.7,1000,exp,45,9,3,space,0.303871,None,100,1,[2.1685546000953764],[2.168561000144109],3,9,45,5,238.4700038,,238.452752,238.4700038,239.4512143,239.4512143,239.4850082,239.768765,space,0.303871,None,239.7691466,240.4692054,240.7825313,240.7685802,240.768833,240.7825313,240.7825313,240.7825313,242.9512929,100,1,[2.1685546000953764],[2.168561000144109],P02,1,2025-11-12_13h59.43.455,intentional binding task,,2025.1.1,59.74493692,2025-11-12 14h01.14.975269 +0530
0.1,1000,exp,46,10,3,space,0.8927488,None,150,1,[2.35181919997558],[2.3518257001414895],3,10,46,9,242.9670092,,242.9514537,242.9670092,243.966241,243.966241,243.966241,244.8669371,space,0.8927488,None,244.8673886,244.9661402,245.2800934,245.2661129,245.2664406,245.2800934,245.2800934,245.2800934,247.6321202,150,1,[2.35181919997558],[2.3518257001414895],P02,1,2025-11-12_13h59.43.455,intentional binding task,,2025.1.1,59.74493692,2025-11-12 14h01.14.975269 +0530
0.1,1000,exp,47,11,3,space,0.2593731,None,100,1,[1.5531890999991447],[1.5531959999352694],3,11,47,6,247.6483033,,247.6322796,247.6483033,248.6475482,248.6475482,248.6475482,248.9154586,space,0.2593731,None,248.9158753,249.0306334,249.3449479,249.3280956,249.3283581,249.3449479,249.3449479,249.3449479,250.898354,100,1,[1.5531890999991447],[1.5531959999352694],P02,1,2025-11-12_13h59.43.455,intentional binding task,,2025.1.1,59.74493692,2025-11-12 14h01.14.975269 +0530
0.7,400,unexp,48,0,4,space,0.2446897,None,700,1,[2.0184446999337524],[2.0184517998714],4,0,48,2,250.914113,,250.8985153,250.914113,251.9137965,251.9137965,251.9137965,252.1625212,space,0.2446897,None,252.1628949,252.8622301,253.1770769,253.1601806,253.1604527,253.1770769,253.1770769,253.1770769,255.1957767,700,1,[2.0184446999337524],[2.0184517998714],P02,1,2025-11-12_13h59.43.455,intentional binding task,,2025.1.1,59.74493692,2025-11-12 14h01.14.975269 +0530
0.4,1000,exp,49,1,4,space,0.8994909,None,50,1,[2.117367299972102],[2.1173740001395345],4,1,49,7,255.2113576,,255.1959422,255.2113576,256.2110524,256.2110524,256.2110524,257.1112531,space,0.8994909,None,257.1117335,257.5266455,257.8419646,257.827346,257.8276015,257.8419646,257.8419646,257.8419646,259.9595456,50,1,[2.117367299972102],[2.1173740001395345],P02,1,2025-11-12_13h59.43.455,intentional binding task,,2025.1.1,59.74493692,2025-11-12 14h01.14.975269 +0530
0.4,400,unexp,50,2,4,space,0.5730643,None,350,1,[3.5512446998618543],[3.5512544999364763],4,2,50,1,259.9757166,,259.9597148,259.9757166,260.9616784,260.9616784,260.9755097,261.542821,space,0.5730643,None,261.5432731,261.9421996,262.2562421,262.2369256,262.2373588,262.2562421,262.2562421,262.2562421,265.8077828,350,1,[3.5512446998618543],[3.5512544999364763],P02,1,2025-11-12_13h59.43.455,intentional binding task,,2025.1.1,59.74493692,2025-11-12 14h01.14.975269 +0530
0.1,1000,exp,51,3,4,space,0.2442458,None,100,1,[11.580314700026065],[11.580321200191975],4,3,51,6,265.8233465,,265.8080368,265.8233465,266.8236538,266.8236538,266.8236538,267.0746544,space,0.2442458,None,267.0758218,267.1904833,267.5049829,267.4903012,267.4905542,267.5049829,267.5049829,267.5049829,279.0855069,100,1,[11.580314700026065],[11.580321200191975],P02,1,2025-11-12_13h59.43.455,intentional binding task,,2025.1.1,59.74493692,2025-11-12 14h01.14.975269 +0530
0.4,1000,exp,52,4,4,space,0.1539738,None,100,1,[2.9171418000478297],[2.9171490999870002],4,4,52,10,279.1022766,,279.0856794,279.1022766,280.1007683,280.1007683,280.1168292,280.2682374,space,0.1539738,None,280.2686248,280.6841772,280.9982753,280.9869856,280.9872515,280.9982753,280.9982753,280.9982753,283.9156551,100,1,[2.9171418000478297],[2.9171490999870002],P02,1,2025-11-12_13h59.43.455,intentional binding task,,2025.1.1,59.74493692,2025-11-12 14h01.14.975269 +0530
0.1,400,unexp,53,5,4,space,0.4996326,None,450,1,[11.964570099953562],[11.964577999897301],4,5,53,0,283.9315808,,283.9158451,283.9315808,284.9148966,284.9148966,284.9313228,285.4151003,space,0.4996326,None,285.4155757,285.5150192,285.829285,285.8180717,285.8183361,285.829285,285.829285,285.829285,297.79409,450,1,[11.964570099953562],[11.964577999897301],P02,1,2025-11-12_13h59.43.455,intentional binding task,,2025.1.1,59.74493692,2025-11-12 14h01.14.975269 +0530
0.1,1000,exp,54,6,4,space,0.3253473,None,120,1,[1.9862502000760287],[1.9862569000106305],4,6,54,3,297.8089015,,297.794278,297.8089015,298.8096629,298.8096629,298.8096629,299.1429238,space,0.3253473,None,299.1433185,299.242093,299.5568132,299.5398877,299.5401519,299.5568132,299.5568132,299.5568132,301.5432786,120,1,[1.9862502000760287],[1.9862569000106305],P02,1,2025-11-12_13h59.43.455,intentional binding task,,2025.1.1,59.74493692,2025-11-12 14h01.14.975269 +0530
0.7,1000,exp,55,7,4,space,1.2494514,None,100,1,[2.5013749999925494],[2.5013812999241054],4,7,55,8,301.5581297,,301.5434435,301.5581297,302.557133,302.557133,302.557133,303.8233536,space,1.2494514,None,303.8237982,304.5229627,304.8378938,304.8190147,304.8195499,304.8378938,304.8378938,304.8378938,307.3394984,100,1,[2.5013749999925494],[2.5013812999241054],P02,1,2025-11-12_13h59.43.455,intentional binding task,,2025.1.1,59.74493692,2025-11-12 14h01.14.975269 +0530
0.4,1000,exp,56,8,4,space,0.5638067,None,200,1,[2.18540499988012],[2.18541119992733],4,8,56,4,307.3557295,,307.3396703,307.3557295,308.3547375,308.3547375,308.3547375,308.9218534,space,0.5638067,None,308.9222842,309.3210261,309.6356404,309.6200806,309.6203379,309.6356404,309.6356404,309.6356404,311.8212494,200,1,[2.18540499988012],[2.18541119992733],P02,1,2025-11-12_13h59.43.455,intentional binding task,,2025.1.1,59.74493692,2025-11-12 14h01.14.975269 +0530
0.7,1000,exp,57,9,4,space,0.492254,None,150,1,[2.9518778999336064],[2.9518834999762475],4,9,57,11,311.8365369,,311.8214125,311.8365369,312.8187133,312.8187133,312.8524406,313.3193202,space,0.492254,None,313.3197214,314.0189532,314.3331077,314.3169637,314.317249,314.3331077,314.3331077,314.3331077,317.2852055,150,1,[2.9518778999336064],[2.9518834999762475],P02,1,2025-11-12_13h59.43.455,intentional binding task,,2025.1.1,59.74493692,2025-11-12 14h01.14.975269 +0530
0.1,1000,exp,58,10,4,space,0.9338454,None,100,1,[3.401786800008267],[3.4017922000493854],4,10,58,9,317.3013143,,317.2853828,317.3013143,318.3007805,318.3007805,318.3007805,319.2506054,space,0.9338454,None,319.2510469,319.3510247,319.6650504,319.6495432,319.6498744,319.6650504,319.6650504,319.6650504,323.0671905,100,1,[3.401786800008267],[3.4017922000493854],P02,1,2025-11-12_13h59.43.455,intentional binding task,,2025.1.1,59.74493692,2025-11-12 14h01.14.975269 +0530
0.7,1000,exp,59,11,4,space,1.4213132,None,50,1,[4.418104900047183],[4.418111500097439],4,11,59,5,323.0811623,,323.067392,323.0811623,324.0816989,324.0816989,324.0816989,325.5146594,space,1.4213132,None,325.5150518,326.2144323,326.5452675,326.5203038,326.5206178,326.5452675,326.5452675,326.5452675,330.963586,50,1,[4.418104900047183],[4.418111500097439],P02,1,2025-11-12_13h59.43.455,intentional binding task,,2025.1.1,59.74493692,2025-11-12 14h01.14.975269 +0530
0.4,1000,exp,60,0,5,space,0.2860311,None,50,1,[1.6490941001102328],[1.6491014000494033],5,0,60,7,330.9798575,,330.9637594,330.9798575,331.9772858,331.9772858,331.9943672,332.2782661,space,0.2860311,None,332.2786592,332.6808302,332.9946475,332.980075,332.9803111,332.9946475,332.9946475,332.9946475,334.6439647,50,1,[1.6490941001102328],[1.6491014000494033],P02,1,2025-11-12_13h59.43.455,intentional binding task,,2025.1.1,59.74493692,2025-11-12 14h01.14.975269 +0530
0.7,1000,exp,61,1,5,space,0.8117239,None,100,1,[2.2190382999833673],[2.219044999917969],5,1,61,11,334.6593425,,334.6441316,334.6593425,335.6428803,335.6428803,335.6599965,336.4591173,space,0.8117239,None,336.4596681,337.1590142,337.4729248,337.4566039,337.4568721,337.4729248,337.4729248,337.4729248,339.6921759,100,1,[2.2190382999833673],[2.219044999917969],P02,1,2025-11-12_13h59.43.455,intentional binding task,,2025.1.1,59.74493692,2025-11-12 14h01.14.975269 +0530
0.1,400,unexp,62,2,5,space,0.8959582,None,600,1,[2.718349799979478],[2.718355900142342],5,2,62,0,339.7070539,,339.6923338,339.7070539,340.7066329,340.7066329,340.7066329,341.6065898,space,0.8959582,None,341.6070859,341.7070232,342.0211223,342.0099402,342.0101946,342.0211223,342.0211223,342.0211223,344.7396798,600,1,[2.718349799979478],[2.718355900142342],P02,1,2025-11-12_13h59.43.455,intentional binding task,,2025.1.1,59.74493692,2025-11-12 14h01.14.975269 +0530
0.1,1000,exp,63,3,5,space,0.4944997,None,100,1,[2.934705600142479],[2.9347129000816494],5,3,63,3,344.754876,,344.7398441,344.754876,345.7561088,345.7561088,345.7561088,346.2554469,space,0.4944997,None,346.2558435,346.3558355,346.6689583,346.647986,346.6482461,346.6689583,346.6689583,346.6689583,349.6039262,100,1,[2.934705600142479],[2.9347129000816494],P02,1,2025-11-12_13h59.43.455,intentional binding task,,2025.1.1,59.74493692,2025-11-12 14h01.14.975269 +0530
0.4,1000,exp,64,4,5,space,0.412111,None,50,1,[1.801788399927318],[1.8017939999699593],5,4,64,10,349.620261,,349.6041038,349.620261,350.6195088,350.6195088,350.6195088,351.0367357,space,0.412111,None,351.0371189,351.4363289,351.7508785,351.7395676,351.7398285,351.7508785,351.7508785,351.7508785,353.5528766,50,1,[1.801788399927318],[1.8017939999699593],P02,1,2025-11-12_13h59.43.455,intentional binding task,,2025.1.1,59.74493692,2025-11-12 14h01.14.975269 +0530
0.4,1000,exp,65,5,5,space,0.4439341,None,100,1,[3.418711899779737],[3.4187186998315156],5,5,65,4,353.5682648,,353.5530464,353.5682648,354.5672708,354.5672708,354.5672708,355.0174018,space,0.4439341,None,355.0178336,355.4170074,355.7319312,355.7130262,355.7133793,355.7319312,355.7319312,355.7319312,359.1508667,100,1,[3.418711899779737],[3.4187186998315156],P02,1,2025-11-12_13h59.43.455,intentional binding task,,2025.1.1,59.74493692,2025-11-12 14h01.14.975269 +0530
0.7,400,unexp,66,6,5,space,0.501323,None,700,1,[2.782817200059071],[2.782824599882588],5,6,66,2,359.1668069,,359.1510358,359.1668069,360.1651952,360.1651952,360.1651952,360.6824439,space,0.501323,None,360.6828303,361.3990787,361.7146829,361.7012781,361.7015232,361.7146829,361.7146829,361.7146829,364.4977633,700,1,[2.782817200059071],[2.782824599882588],P02,1,2025-11-12_13h59.43.455,intentional binding task,,2025.1.1,59.74493692,2025-11-12 14h01.14.975269 +0530
0.7,1000,exp,67,7,5,space,0.7135474,None,100,1,[4.281262499978766],[4.281268900027499],5,7,67,5,364.5136725,,364.4979429,364.5136725,365.5129906,365.5129906,365.5129906,366.2305236,space,0.7135474,None,366.2309191,366.9311845,367.2466637,367.2301885,367.2304499,367.2466637,367.2466637,367.2466637,371.5281379,100,1,[4.281262499978766],[4.281268900027499],P02,1,2025-11-12_13h59.43.455,intentional binding task,,2025.1.1,59.74493692,2025-11-12 14h01.14.975269 +0530
0.1,1000,exp,68,8,5,space,0.9280606,None,50,1,[3.2842476998921484],[3.284253600053489],5,8,68,9,371.5436254,,371.5283162,371.5436254,372.5431987,372.5431987,372.5431987,373.4759131,space,0.9280606,None,373.4762953,373.5763644,373.8907402,373.8764092,373.8766669,373.8907402,373.8907402,373.8907402,377.1752012,50,1,[3.2842476998921484],[3.284253600053489],P02,1,2025-11-12_13h59.43.455,intentional binding task,,2025.1.1,59.74493692,2025-11-12 14h01.14.975269 +0530
0.4,400,unexp,69,9,5,space,0.8998362,None,700,1,[2.6681884999852628],[2.668195500038564],5,9,69,1,377.191927,,377.1753584,377.191927,378.1754325,378.1754325,378.1907927,379.0927531,space,0.8998362,None,379.0942263,379.506778,379.821482,379.8062772,379.8066976,379.821482,379.821482,379.821482,382.4899009,700,1,[2.6681884999852628],[2.668195500038564],P02,1,2025-11-12_13h59.43.455,intentional binding task,,2025.1.1,59.74493692,2025-11-12 14h01.14.975269 +0530
0.7,1000,exp,70,10,5,space,0.8211168,None,50,1,[1.8849667001049966],[1.8849726999178529],5,10,70,8,382.5062094,,382.4900701,382.5062094,383.5058829,383.5058829,383.5058829,384.3381059,space,0.8211168,None,384.3384921,385.0375858,385.3518879,385.3368351,385.3371512,385.3518879,385.3518879,385.3518879,387.2370675,50,1,[1.8849667001049966],[1.8849726999178529],P02,1,2025-11-12_13h59.43.455,intentional binding task,,2025.1.1,59.74493692,2025-11-12 14h01.14.975269 +0530
0.1,1000,exp,71,11,5,space,0.682364,None,50,1,[3.201326500158757],[3.2013331002090126],5,11,71,6,387.2533148,,387.2372279,387.2533148,388.2362153,388.2362153,388.2528528,388.9196597,space,0.682364,None,388.9202219,389.019247,389.3338876,389.3204201,389.3207353,389.3338876,389.3338876,389.3338876,392.5354232,50,1,[3.201326500158757],[3.2013331002090126],P02,1,2025-11-12_13h59.43.455,intentional binding task,,2025.1.1,59.74493692,2025-11-12 14h01.14.975269 +0530
0.7,1000,exp,72,0,6,space,0.604091,None,150,1,[3.3853126000612974],[3.3853182999882847],6,0,72,5,392.5513568,,392.5355847,392.5513568,393.5509698,393.5509698,393.5509698,394.1683842,space,0.604091,None,394.1687753,394.884325,395.1976917,395.1786354,395.1789794,395.1976917,395.1976917,395.1976917,398.5832203,150,1,[3.3853126000612974],[3.3853182999882847],P02,1,2025-11-12_13h59.43.455,intentional binding task,,2025.1.1,59.74493692,2025-11-12 14h01.14.975269 +0530
0.7,1000,exp,73,1,6,space,0.2647574,None,100,1,[2.8186407999601215],[2.8186482000164688],6,1,73,8,398.5980694,,398.5833774,398.5980694,399.5975772,399.5975772,399.5975772,399.864263,space,0.2647574,None,399.8646603,400.5636909,400.8784975,400.8592357,400.8595671,400.8784975,400.8784975,400.8784975,403.6973685,100,1,[2.8186407999601215],[2.8186482000164688],P02,1,2025-11-12_13h59.43.455,intentional binding task,,2025.1.1,59.74493692,2025-11-12 14h01.14.975269 +0530
0.1,400,unexp,74,2,6,space,0.8388386,None,400,1,[2.16603590012528],[2.1660416000522673],6,2,74,0,403.7122102,,403.6975749,403.7122102,404.7117148,404.7117148,404.7117148,405.562284,space,0.8388386,None,405.5626781,405.6629765,405.9781923,405.963472,405.9637224,405.9781923,405.9781923,405.9781923,408.1444379,400,1,[2.16603590012528],[2.1660416000522673],P02,1,2025-11-12_13h59.43.455,intentional binding task,,2025.1.1,59.74493692,2025-11-12 14h01.14.975269 +0530
0.1,1000,exp,75,3,6,space,0.5701015,None,100,1,[2.352136799832806],[2.3521428999956697],6,3,75,9,408.160483,,408.1446011,408.160483,409.144386,409.144386,409.1609335,409.7278308,space,0.5701015,None,409.7282279,409.8440548,410.1577386,410.1464726,410.146731,410.1577386,410.1577386,410.1577386,412.5100886,100,1,[2.352136799832806],[2.3521428999956697],P02,1,2025-11-12_13h59.43.455,intentional binding task,,2025.1.1,59.74493692,2025-11-12 14h01.14.975269 +0530
0.4,1000,exp,76,4,6,space,0.7098794,None,100,1,[2.7857578999828547],[2.7857641000300646],6,4,76,10,412.5251765,,412.510245,412.5251765,413.5246657,413.5246657,413.5246657,414.2413897,space,0.7098794,None,414.2418015,414.6409637,414.9556646,414.9407961,414.9411008,414.9556646,414.9556646,414.9556646,417.7416761,100,1,[2.7857578999828547],[2.7857641000300646],P02,1,2025-11-12_13h59.43.455,intentional binding task,,2025.1.1,59.74493692,2025-11-12 14h01.14.975269 +0530
0.1,1000,exp,77,5,6,space,1.4587369,None,50,1,[1.5684148999862373],[1.5684257000684738],6,5,77,6,417.7562945,,417.7418424,417.7562945,418.7556922,418.7556922,418.7556922,420.2221954,space,1.4587369,None,420.2226024,420.3216203,420.63656,420.6183641,420.6186552,420.63656,420.63656,420.63656,422.205389,50,1,[1.5684148999862373],[1.5684257000684738],P02,1,2025-11-12_13h59.43.455,intentional binding task,,2025.1.1,59.74493692,2025-11-12 14h01.14.975269 +0530
0.7,1000,exp,78,6,6,space,0.6127435,None,50,1,[2.485291799996048],[2.485298899933696],6,6,78,11,422.2209639,,422.2057323,422.2209639,423.2217565,423.2217565,423.2217565,423.8382823,space,0.6127435,None,423.8387417,424.5531893,424.8682282,424.8482146,424.8485117,424.8682282,424.8682282,424.8682282,427.3537908,50,1,[2.485291799996048],[2.485298899933696],P02,1,2025-11-12_13h59.43.455,intentional binding task,,2025.1.1,59.74493692,2025-11-12 14h01.14.975269 +0530
0.4,1000,exp,79,7,6,space,0.2692022,None,50,1,[2.4511625000741333],[2.4511685001198202],6,7,79,7,427.3686034,,427.3539661,427.3686034,428.3692936,428.3692936,428.3692936,428.6515666,space,0.2692022,None,428.6519532,429.0522095,429.3658986,429.3492028,429.34947,429.3658986,429.3658986,429.3658986,431.8172784,50,1,[2.4511625000741333],[2.4511685001198202],P02,1,2025-11-12_13h59.43.455,intentional binding task,,2025.1.1,59.74493692,2025-11-12 14h01.14.975269 +0530
0.7,400,unexp,80,8,6,space,0.3576424,None,450,1,[5.05014710011892],[5.05015330016613],6,8,80,2,431.8333054,,431.8174536,431.8333054,432.832849,432.832849,432.832849,433.2006939,space,0.3576424,None,433.2011308,433.915651,434.2306558,434.209874,434.2101306,434.2306558,434.2306558,434.2306558,439.2810392,450,1,[5.05014710011892],[5.05015330016613],P02,1,2025-11-12_13h59.43.455,intentional binding task,,2025.1.1,59.74493692,2025-11-12 14h01.14.975269 +0530
0.1,1000,exp,81,9,6,space,0.3389797,None,100,1,[4.034933699993417],[4.0349403999280185],6,9,81,3,439.2967102,,439.2812212,439.2967102,440.2795731,440.2795731,440.296496,440.6295813,space,0.3389797,None,440.629986,440.7292649,441.0441765,441.0259393,441.0261997,441.0441765,441.0441765,441.0441765,445.0793188,100,1,[4.034933699993417],[4.0349403999280185],P02,1,2025-11-12_13h59.43.455,intentional binding task,,2025.1.1,59.74493692,2025-11-12 14h01.14.975269 +0530
0.4,1000,exp,82,10,6,space,0.2398954,None,100,1,[2.2532495001796633],[2.2532556999940425],6,10,82,4,445.0956284,,445.0794815,445.0956284,446.0953314,446.0953314,446.1106756,446.3459771,space,0.2398954,None,446.3463673,446.7605141,447.0749741,447.0566285,447.0569947,447.0749741,447.0749741,447.0749741,449.3284342,100,1,[2.2532495001796633],[2.2532556999940425],P02,1,2025-11-12_13h59.43.455,intentional binding task,,2025.1.1,59.74493692,2025-11-12 14h01.14.975269 +0530
0.4,400,unexp,83,11,6,space,0.7211841,None,600,1,[1.9349374000448734],[1.9349438000936061],6,11,83,1,449.3422101,,449.3285998,449.3422101,450.3421472,450.3421472,450.3421472,451.0751672,space,0.7211841,None,451.0756267,451.4757258,451.7894951,451.7703972,451.7707261,451.7894951,451.7894951,451.7894951,453.7246653,600,1,[1.9349374000448734],[1.9349438000936061],P02,1,2025-11-12_13h59.43.455,intentional binding task,,2025.1.1,59.74493692,2025-11-12 14h01.14.975269 +0530
0.4,400,unexp,84,0,7,space,0.882828,None,700,1,[2.7169749999884516],[2.716981900157407],7,0,84,1,453.7404203,,453.7248365,453.7404203,454.7238021,454.7238021,454.7405528,455.6072756,space,0.882828,None,455.6078565,456.0079337,456.3400493,456.3208157,456.321051,456.3400493,456.3400493,456.3400493,459.0572404,700,1,[2.7169749999884516],[2.716981900157407],P02,1,2025-11-12_13h59.43.455,intentional binding task,,2025.1.1,59.74493692,2025-11-12 14h01.14.975269 +0530
0.4,1000,exp,85,1,7,space,0.69152,None,100,1,[2.316781699890271],[2.3167882000561804],7,1,85,7,459.0715768,,459.0574062,459.0715768,460.0714144,460.0714144,460.0714144,460.7711301,space,0.69152,None,460.7716267,461.1724093,461.4880297,461.4735509,461.4737776,461.4880297,461.4880297,461.4880297,463.8050829,100,1,[2.316781699890271],[2.3167882000561804],P02,1,2025-11-12_13h59.43.455,intentional binding task,,2025.1.1,59.74493692,2025-11-12 14h01.14.975269 +0530
0.1,1000,exp,86,2,7,space,0.2118693,None,50,1,[5.9678320998791605],[5.96783860004507],7,2,86,3,463.8214175,,463.8052576,463.8214175,464.8197128,464.8197128,464.8360944,465.0368274,space,0.2118693,None,465.0372343,465.1362884,465.4501475,465.4328591,465.4331336,465.4501475,465.4501475,465.4501475,471.4181928,50,1,[5.9678320998791605],[5.96783860004507],P02,1,2025-11-12_13h59.43.455,intentional binding task,,2025.1.1,59.74493692,2025-11-12 14h01.14.975269 +0530
0.1,1000,exp,87,3,7,space,0.2969371,None,100,1,[1.7348786999937147],[1.7348851999267936],7,3,87,6,471.4328288,,471.418486,471.4328288,472.4336539,472.4336539,472.4336539,472.7338834,space,0.2969371,None,472.7342595,472.83308,473.1470297,473.1313775,473.1316649,473.1470297,473.1470297,473.1470297,474.882114,100,1,[1.7348786999937147],[1.7348851999267936],P02,1,2025-11-12_13h59.43.455,intentional binding task,,2025.1.1,59.74493692,2025-11-12 14h01.14.975269 +0530
0.1,400,unexp,88,4,7,space,0.4248034,None,500,1,[1.835771800018847],[1.8357774000614882],7,4,88,0,474.8992778,,474.882269,474.8992778,475.8818656,475.8818656,475.8988806,476.3155688,space,0.4248034,None,476.3159484,476.4148156,476.7291338,476.7085183,476.7088305,476.7291338,476.7291338,476.7291338,478.5651126,500,1,[1.835771800018847],[1.8357774000614882],P02,1,2025-11-12_13h59.43.455,intentional binding task,,2025.1.1,59.74493692,2025-11-12 14h01.14.975269 +0530
0.7,1000,exp,89,5,7,space,0.2265974,None,250,1,[1.869862399995327],[1.8698693998157978],7,5,89,11,478.5807977,,478.5652791,478.5807977,479.5799374,479.5799374,479.5799374,479.8136267,space,0.2265974,None,479.8140507,480.528819,480.8436828,480.826854,480.827115,480.8436828,480.8436828,480.8436828,482.7137674,250,1,[1.869862399995327],[1.8698693998157978],P02,1,2025-11-12_13h59.43.455,intentional binding task,,2025.1.1,59.74493692,2025-11-12 14h01.14.975269 +0530
0.7,400,unexp,90,6,7,space,0.4749989,None,600,1,[3.0343969999812543],[3.034404099918902],7,6,90,2,482.7285726,,482.7139302,482.7285726,483.7280946,483.7280946,483.7280946,484.2110439,space,0.4749989,None,484.2114241,484.9106732,485.2251362,485.2116939,485.2119526,485.2251362,485.2251362,485.2251362,488.2597547,600,1,[3.0343969999812543],[3.034404099918902],P02,1,2025-11-12_13h59.43.455,intentional binding task,,2025.1.1,59.74493692,2025-11-12 14h01.14.975269 +0530
0.4,1000,exp,91,7,7,space,0.408263,None,50,1,[2.4002449999097735],[2.4002523999661207],7,7,91,10,488.2763678,,488.2599274,488.2763678,489.2583472,489.2583472,489.2914117,489.6764184,space,0.408263,None,489.6768557,490.0914047,490.4069395,490.3885046,490.3889213,490.4069395,490.4069395,490.4069395,492.8075688,50,1,[2.4002449999097735],[2.4002523999661207],P02,1,2025-11-12_13h59.43.455,intentional binding task,,2025.1.1,59.74493692,2025-11-12 14h01.14.975269 +0530
0.4,1000,exp,92,8,7,space,2.7303779,None,150,1,[3.866825500037521],[3.866833300096914],7,8,92,4,492.8237454,,492.8077499,492.8237454,493.8241166,493.8241166,493.8241166,496.5563057,space,2.7303779,None,496.5568436,496.9562861,497.2706806,497.2488555,497.2491394,497.2706806,497.2706806,497.2706806,501.1377729,150,1,[3.866825500037521],[3.866833300096914],P02,1,2025-11-12_13h59.43.455,intentional binding task,,2025.1.1,59.74493692,2025-11-12 14h01.14.975269 +0530
0.7,1000,exp,93,9,7,space,0.3536683,None,200,1,[2.502546199830249],[2.502551599871367],7,9,93,8,501.1533436,,501.1379346,501.1533436,502.1529351,502.1529351,502.1529351,502.5205369,space,0.3536683,None,502.5209838,503.2358025,503.5500891,503.5399707,503.5402245,503.5500891,503.5500891,503.5500891,506.0528374,200,1,[2.502546199830249],[2.502551599871367],P02,1,2025-11-12_13h59.43.455,intentional binding task,,2025.1.1,59.74493692,2025-11-12 14h01.14.975269 +0530
0.7,1000,exp,94,10,7,space,0.7559985,None,200,1,[3.268107600044459],[3.2681191998999566],7,10,94,5,506.0695208,,506.0529952,506.0695208,507.0672289,507.0672289,507.083634,507.833447,space,0.7559985,None,507.8338559,508.5335105,508.8483078,508.8271534,508.8280008,508.8483078,508.8483078,508.8483078,512.1166668,200,1,[3.268107600044459],[3.2681191998999566],P02,1,2025-11-12_13h59.43.455,intentional binding task,,2025.1.1,59.74493692,2025-11-12 14h01.14.975269 +0530
0.1,1000,exp,95,11,7,space,1.3834819,None,200,1,[2.3183361999690533],[2.3183432000223547],7,11,95,9,512.1315765,,512.1168279,512.1315765,513.1309651,513.1309651,513.1309651,514.5147949,space,1.3834819,None,514.5153746,514.6138329,514.9284769,514.9163062,514.9166579,514.9284769,514.9284769,514.9284769,517.2470671,200,1,[2.3183361999690533],[2.3183432000223547],P02,1,2025-11-12_13h59.43.455,intentional binding task,,2025.1.1,59.74493692,2025-11-12 14h01.14.975269 +0530
0.4,1000,exp,96,0,8,space,0.546528,None,200,1,[3.4511999997776],[3.451206599827856],8,0,96,4,517.2641032,,517.2472315,517.2641032,518.2640878,518.2640878,518.2640878,518.813949,space,0.546528,None,518.8143559,519.2281327,519.5431192,519.5273472,519.527649,519.5431192,519.5431192,519.5431192,522.994583,200,1,[3.4511999997776],[3.451206599827856],P02,1,2025-11-12_13h59.43.455,intentional binding task,,2025.1.1,59.74493692,2025-11-12 14h01.14.975269 +0530
0.4,1000,exp,97,1,8,space,0.0046941,None,100,1,[2.4849034999497235],[2.484910099999979],8,1,97,10,523.0111812,,522.994754,523.0111812,524.0098762,524.0098762,524.0262412,524.0265022,space,0.0046941,None,524.026974,524.4273571,524.7410124,524.7288676,524.7291245,524.7410124,524.7410124,524.7410124,527.2261267,100,1,[2.4849034999497235],[2.484910099999979],P02,1,2025-11-12_13h59.43.455,intentional binding task,,2025.1.1,59.74493692,2025-11-12 14h01.14.975269 +0530
0.1,1000,exp,98,2,8,space,0.3898029,None,200,1,[3.835139699978754],[3.8351460001431406],8,2,98,3,527.2429949,,527.2262954,527.2429949,528.2414541,528.2414541,528.2589535,528.6414345,space,0.3898029,None,528.6418582,528.741344,529.0562219,529.0394122,529.0396678,529.0562219,529.0562219,529.0562219,532.8915774,200,1,[3.835139699978754],[3.8351460001431406],P02,1,2025-11-12_13h59.43.455,intentional binding task,,2025.1.1,59.74493692,2025-11-12 14h01.14.975269 +0530
0.7,1000,exp,99,3,8,space,1.9961992,None,300,1,[2.13317249994725],[2.133178799878806],8,3,99,5,532.9072088,,532.8917517,532.9072088,533.9063804,533.9063804,533.9063804,535.9044592,space,1.9961992,None,535.9048708,536.6054585,536.9208989,536.9014225,536.901677,536.9208989,536.9208989,536.9208989,539.054383,300,1,[2.13317249994725],[2.133178799878806],P02,1,2025-11-12_13h59.43.455,intentional binding task,,2025.1.1,59.74493692,2025-11-12 14h01.14.975269 +0530
0.1,1000,exp,100,4,8,space,3.1490795,None,200,1,[4.484387899981812],[4.484393900027499],8,4,100,6,539.0701766,,539.0545423,539.0701766,540.0694826,540.0694826,540.0694826,543.235177,space,3.1490795,None,543.235601,543.3353036,543.6496124,543.6295922,543.6298589,543.6496124,543.6496124,543.6496124,548.1342105,200,1,[4.484387899981812],[4.484393900027499],P02,1,2025-11-12_13h59.43.455,intentional binding task,,2025.1.1,59.74493692,2025-11-12 14h01.14.975269 +0530
0.4,400,unexp,101,5,8,space,0.2099778,None,600,1,[2.019364800071344],[2.0193710001185536],8,5,101,1,548.1500687,,548.1343733,548.1500687,549.1491612,549.1491612,549.166005,549.3662377,space,0.2099778,None,549.3666157,549.7655851,550.079671,550.0587429,550.0590013,550.079671,550.079671,550.079671,552.0992436,600,1,[2.019364800071344],[2.0193710001185536],P02,1,2025-11-12_13h59.43.455,intentional binding task,,2025.1.1,59.74493692,2025-11-12 14h01.14.975269 +0530
0.7,400,unexp,102,6,8,space,1.9099874,None,500,1,[3.769237100146711],[3.769243200076744],8,6,102,2,552.1155065,,552.0993987,552.1155065,553.0966718,553.0966718,553.1309593,555.0134114,space,1.9099874,None,555.0138418,555.7125024,556.0272386,556.0081036,556.0084082,556.0272386,556.0272386,556.0272386,559.7966865,500,1,[3.769237100146711],[3.769243200076744],P02,1,2025-11-12_13h59.43.455,intentional binding task,,2025.1.1,59.74493692,2025-11-12 14h01.14.975269 +0530
0.7,1000,exp,103,7,8,space,0.7595288,None,500,1,[2.482865700032562],[2.482872699853033],8,7,103,11,559.8114541,,559.7968428,559.8114541,560.8120033,560.8120033,560.8278751,561.5766656,space,0.7595288,None,561.5770961,562.2784559,562.6099642,562.5915423,562.5918438,562.6099642,562.6099642,562.6099642,565.0930585,500,1,[2.482865700032562],[2.482872699853033],P02,1,2025-11-12_13h59.43.455,intentional binding task,,2025.1.1,59.74493692,2025-11-12 14h01.14.975269 +0530
0.1,1000,exp,104,8,8,space,0.2712018,None,100,1,[2.4524779999628663],[2.4524849001318216],8,8,104,9,565.1081612,,565.0932285,565.1081612,566.1079703,566.1079703,566.1079703,566.3931615,space,0.2712018,None,566.3940557,566.5077868,566.8223487,566.8092693,566.8095313,566.8223487,566.8223487,566.8223487,569.2750356,100,1,[2.4524779999628663],[2.4524849001318216],P02,1,2025-11-12_13h59.43.455,intentional binding task,,2025.1.1,59.74493692,2025-11-12 14h01.14.975269 +0530
0.4,1000,exp,105,9,8,space,0.6008872,None,100,1,[2.4017860998865217],[2.4017922999337316],8,9,105,7,569.2912176,,569.2751919,569.2912176,570.2741386,570.2741386,570.2908421,570.8901843,space,0.6008872,None,570.8907567,571.2901674,571.6036607,571.5920983,571.5923542,571.6036607,571.6036607,571.6036607,574.0056567,100,1,[2.4017860998865217],[2.4017922999337316],P02,1,2025-11-12_13h59.43.455,intentional binding task,,2025.1.1,59.74493692,2025-11-12 14h01.14.975269 +0530
0.1,400,unexp,106,10,8,space,0.7170791,None,400,1,[2.2998315000440925],[2.29983689985238],8,10,106,0,574.0210665,,574.0058211,574.0210665,575.0214161,575.0214161,575.0214161,575.7544049,space,0.7170791,None,575.7547819,575.854957,576.1872594,576.1683725,576.1687279,576.1872594,576.1872594,576.1872594,578.4873088,400,1,[2.2998315000440925],[2.29983689985238],P02,1,2025-11-12_13h59.43.455,intentional binding task,,2025.1.1,59.74493692,2025-11-12 14h01.14.975269 +0530
0.7,1000,exp,107,11,8,space,0.4682143,None,250,1,[3.71937010018155],[3.719375700224191],8,11,107,8,578.5038609,,578.4874704,578.5038609,579.4868638,579.4868638,579.502719,579.9699632,space,0.4682143,None,579.9705376,580.6847844,580.999491,580.9768599,580.9771233,580.999491,580.999491,580.999491,584.7190727,250,1,[3.71937010018155],[3.719375700224191],P02,1,2025-11-12_13h59.43.455,intentional binding task,,2025.1.1,59.74493692,2025-11-12 14h01.14.975269 +0530
0.4,400,unexp,108,0,9,space,0.4010327,None,230,1,[4.701986100059003],[4.7019925999920815],9,0,108,1,584.7337564,,584.7192303,584.7337564,585.734,585.734,585.734,586.1492868,space,0.4010327,None,586.1496887,586.5491433,586.8639929,586.8504709,586.8508357,586.8639929,586.8639929,586.8639929,591.5661898,230,1,[4.701986100059003],[4.7019925999920815],P02,1,2025-11-12_13h59.43.455,intentional binding task,,2025.1.1,59.74493692,2025-11-12 14h01.14.975269 +0530
0.4,1000,exp,109,1,9,space,0.7185927,None,150,1,[1.9015022998210043],[1.9015075999777764],9,1,109,4,591.5814518,,591.5663471,591.5814518,592.5804261,592.5804261,592.5971153,593.3130168,space,0.7185927,None,593.3136074,593.7123313,594.0270179,594.0096493,594.0099086,594.0270179,594.0270179,594.0270179,595.9287471,150,1,[1.9015022998210043],[1.9015075999777764],P02,1,2025-11-12_13h59.43.455,intentional binding task,,2025.1.1,59.74493692,2025-11-12 14h01.14.975269 +0530
0.1,1000,exp,110,2,9,space,0.3491056,None,200,1,[1.8343911000993103],[1.8343983001541346],9,2,110,6,595.9470557,,595.928903,595.9470557,596.9295586,596.9295586,596.9455662,597.2951043,space,0.3491056,None,597.295486,597.3959459,597.7097435,597.6930303,597.6932842,597.7097435,597.7097435,597.7097435,599.5443961,200,1,[1.8343911000993103],[1.8343983001541346],P02,1,2025-11-12_13h59.43.455,intentional binding task,,2025.1.1,59.74493692,2025-11-12 14h01.14.975269 +0530
0.1,1000,exp,111,3,9,space,0.4021981,None,300,1,[3.9675525999628007],[3.9675626000389457],9,3,111,3,599.5596024,,599.5445707,599.5596024,600.5606546,600.5606546,600.5606546,600.9766053,space,0.4021981,None,600.9770849,601.0776312,601.3911117,601.378496,601.3787548,601.3911117,601.3911117,601.3911117,605.3589827,300,1,[3.9675525999628007],[3.9675626000389457],P02,1,2025-11-12_13h59.43.455,intentional binding task,,2025.1.1,59.74493692,2025-11-12 14h01.14.975269 +0530
0.7,1000,exp,112,4,9,space,0.5517634,None,150,1,[1.7040447001345456],[1.7040503001771867],9,4,112,8,605.3739534,,605.3592346,605.3739534,606.3748373,606.3748373,606.3748373,606.9400905,space,0.5517634,None,606.9405396,607.6408563,607.954394,607.9404112,607.9406689,607.954394,607.954394,607.954394,609.6586495,150,1,[1.7040447001345456],[1.7040503001771867],P02,1,2025-11-12_13h59.43.455,intentional binding task,,2025.1.1,59.74493692,2025-11-12 14h01.14.975269 +0530
0.1,1000,exp,113,5,9,space,1.5118225,None,320,1,[2.7849719000514597],[2.7849785001017153],9,5,113,9,609.6725242,,609.6588202,609.6725242,610.6720513,610.6720513,610.6720513,612.1886734,space,1.5118225,None,612.1890642,612.2879186,612.6026901,612.5866986,612.5869707,612.6026901,612.6026901,612.6026901,615.3879137,320,1,[2.7849719000514597],[2.7849785001017153],P02,1,2025-11-12_13h59.43.455,intentional binding task,,2025.1.1,59.74493692,2025-11-12 14h01.14.975269 +0530
0.7,400,unexp,114,6,9,space,1.9278993,None,230,1,[2.2692650000099093],[2.269271499942988],9,6,114,2,615.4041678,,615.3880893,615.4041678,616.3867281,616.3867281,616.402362,618.3187346,space,1.9278993,None,618.3192442,619.0180278,619.3328241,619.3212024,619.3214902,619.3328241,619.3328241,619.3328241,621.6022999,230,1,[2.2692650000099093],[2.269271499942988],P02,1,2025-11-12_13h59.43.455,intentional binding task,,2025.1.1,59.74493692,2025-11-12 14h01.14.975269 +0530
0.4,1000,exp,115,7,9,space,1.8848375,None,320,1,[2.1345047000795603],[2.134511400014162],9,7,115,7,621.6177897,,621.6024662,621.6177897,622.6178342,622.6178342,622.6178342,624.5161203,space,1.8848375,None,624.5165693,624.9164236,625.2305771,625.2094566,625.2097669,625.2305771,625.2305771,625.2305771,627.3653045,320,1,[2.1345047000795603],[2.134511400014162],P02,1,2025-11-12_13h59.43.455,intentional binding task,,2025.1.1,59.74493692,2025-11-12 14h01.14.975269 +0530
0.7,1000,exp,116,8,9,space,0.7705161,None,700,1,[1.867884200066328],[1.867890200112015],9,8,116,5,627.3811666,,627.3654765,627.3811666,628.364253,628.364253,628.3810394,629.1474442,space,0.7705161,None,629.1478549,629.8468954,630.161549,630.1488797,630.1491416,630.161549,630.161549,630.161549,632.0296422,700,1,[1.867884200066328],[1.867890200112015],P02,1,2025-11-12_13h59.43.455,intentional binding task,,2025.1.1,59.74493692,2025-11-12 14h01.14.975269 +0530
0.4,1000,exp,117,9,9,space,0.4294851,None,100,1,[4.749635700136423],[4.749641000060365],9,9,117,10,632.0468879,,632.0298046,632.0468879,633.0292766,633.0292766,633.0459949,633.4617843,space,0.4294851,None,633.4622653,633.8626887,634.1784633,634.1626476,634.1628838,634.1784633,634.1784633,634.1784633,638.9283017,100,1,[4.749635700136423],[4.749641000060365],P02,1,2025-11-12_13h59.43.455,intentional binding task,,2025.1.1,59.74493692,2025-11-12 14h01.14.975269 +0530
0.7,1000,exp,118,10,9,space,1.2366646,None,800,1,[1.4195405999198556],[1.4195462998468429],9,10,118,11,638.9440711,,638.9284659,638.9440711,639.942051,639.942051,639.942051,641.1924094,space,1.2366646,None,641.1928112,641.8916183,642.2069212,642.1888083,642.1890807,642.2069212,642.2069212,642.2069212,643.6266743,800,1,[1.4195405999198556],[1.4195462998468429],P02,1,2025-11-12_13h59.43.455,intentional binding task,,2025.1.1,59.74493692,2025-11-12 14h01.14.975269 +0530
0.1,400,unexp,119,11,9,space,0.3700834,None,100,1,[2.2686646000947803],[2.2686736001633108],9,11,119,0,643.6407868,,643.6268483,643.6407868,644.6405698,644.6405698,644.6405698,645.0234898,space,0.3700834,None,645.0238723,645.1235481,645.4384272,645.4198966,645.4201718,645.4384272,645.4384272,645.4384272,647.7073845,100,1,[2.2686646000947803],[2.2686736001633108],P02,1,2025-11-12_13h59.43.455,intentional binding task,,2025.1.1,59.74493692,2025-11-12 14h01.14.975269 +0530
