delay,freq,condition,thisN,thisTrialN,thisRepN,key_resp.keys,key_resp.rt,key_resp.duration,textbox.text,button.numClicks,button.timesOn,button.timesOff,trials.thisRepN,trials.thisTrialN,trials.thisN,trials.thisIndex,thisRow.t,notes,trial.started,polygon.started,polygon_2.started,key_resp.started,polygon.stopped,trial.stopped,trials.key_resp.keys,trials.key_resp.rt,trials.key_resp.duration,beep.started,sound_1.started,sound_1.stopped,beep.stopped,response.started,text.started,textbox.started,button.started,response.stopped,trials.textbox.text,trials.button.numClicks,trials.button.timesOn,trials.button.timesOff,participant,session,date,expName,expVersion,psychopyVersion,frameRate,expStart,
0.4,400,unexp,0,0,0,space,1.1903550999704748,None,255,1,[7.543438500026241],[7.543454099912196],0,0,0,1,0.2273786999285221,,0.19957310007885098,0.2273786999285221,1.0132874001283199,1.0132874001283199,1.2292893999256194,2.291226299945265,space,1.1903550999704748,None,2.2920413999818265,2.695484266678492,3.010256899986416,2.9889863000717014,2.9895919000264257,3.010256899986416,3.010256899986416,3.010256899986416,10.554299399955198,255,1,[7.543438500026241],[7.543454099912196],P01,001,2025-11-12_13h44.20.500,intentional binding task,,2025.1.1,59.75536155133679,2025-11-12 13h44.32.683913 +0530,
0.1,400,unexp,1,1,0,space,0.5252630999311805,None,150,1,[9.548992400057614],[9.548998499987647],0,1,1,0,10.573586700018495,,10.554651499958709,10.573586700018495,11.558836899930611,11.558836899930611,11.575533099938184,12.091948000015691,space,0.5252630999311805,None,12.092343900119886,12.19189276668864,12.505880000069737,12.488279700046405,12.488548600114882,12.505880000069737,12.505880000069737,12.505880000069737,22.055077699944377,150,1,[9.548992400057614],[9.548998499987647],P01,001,2025-11-12_13h44.20.500,intentional binding task,,2025.1.1,59.75536155133679,2025-11-12 13h44.32.683913 +0530,
0.4,1000,exp,2,2,0,space,0.5613361999858171,None,400,1,[4.750888899900019],[4.750895299948752],0,2,2,7,22.07085720007308,,22.055260099936277,22.07085720007308,23.054370700148866,23.054370700148866,23.070551600074396,23.619671700056642,space,0.5613361999858171,None,23.62016010005027,24.01958966680492,24.334150900132954,24.319334600120783,24.31959900003858,24.334150900132954,24.334150900132954,24.334150900132954,29.08525660005398,400,1,[4.750888899900019],[4.750895299948752],P01,001,2025-11-12_13h44.20.500,intentional binding task,,2025.1.1,59.75536155133679,2025-11-12 13h44.32.683913 +0530,
0.7,1000,exp,3,3,0,space,1.1007111000362784,None,250,1,[3.2677937000989914],[3.267800400033593],0,3,3,11,29.1005989999976,,29.085422199917957,29.1005989999976,30.083006999921054,30.083006999921054,30.099663899978623,31.19989060005173,space,1.1007111000362784,None,31.200672399951145,31.899261566639566,32.21422259998508,32.19887960003689,32.19926779996604,32.21422259998508,32.21422259998508,32.21422259998508,35.48223720001988,250,1,[3.2677937000989914],[3.267800400033593],P01,001,2025-11-12_13h44.20.500,intentional binding task,,2025.1.1,59.75536155133679,2025-11-12 13h44.32.683913 +0530,
0.7,1000,exp,4,4,0,space,0.4435640999581665,None,250,1,[4.383684600004926],[4.383689999813214],0,4,4,5,35.49719889997505,,35.48241279996,35.49719889997505,36.497343900147825,36.497343900147825,36.497343900147825,36.9489114000462,space,0.4435640999581665,None,36.950255000032485,37.66408036678719,37.9780427000951,37.961468799971044,37.961904200026765,37.9780427000951,37.9780427000951,37.9780427000951,42.36194119998254,250,1,[4.383684600004926],[4.383689999813214],P01,001,2025-11-12_13h44.20.500,intentional binding task,,2025.1.1,59.75536155133679,2025-11-12 13h44.32.683913 +0530,
0.1,1000,exp,5,5,0,space,1.2619535999838263,None,300,1,[2.418149100150913],[2.418155299965292],0,5,5,9,42.377879000036046,,42.36211619991809,42.377879000036046,43.37830640003085,43.37830640003085,43.37830640003085,44.644678300013766,space,1.2619535999838263,None,44.64524510013871,44.76038156665551,45.07501900009811,45.05755769996904,45.05794969992712,45.07501900009811,45.07501900009811,45.07501900009811,47.49340729997493,300,1,[2.418149100150913],[2.418155299965292],P01,001,2025-11-12_13h44.20.500,intentional binding task,,2025.1.1,59.75536155133679,2025-11-12 13h44.32.683913 +0530,
0.4,1000,exp,6,6,0,space,1.413058000151068,None,120,1,[3.934322099899873],[3.934328499948606],0,6,6,10,47.509082900127396,,47.49359680013731,47.509082900127396,48.5103126000613,48.5103126000613,48.5103126000613,49.92490230011754,space,1.413058000151068,None,49.925511199980974,50.32503856678183,50.639307599980384,50.61619480000809,50.616482600104064,50.639307599980384,50.639307599980384,50.639307599980384,54.573847100138664,120,1,[3.934322099899873],[3.934328499948606],P01,001,2025-11-12_13h44.20.500,intentional binding task,,2025.1.1,59.75536155133679,2025-11-12 13h44.32.683913 +0530,
0.7,400,unexp,7,7,0,space,0.31847580010071397,None,300,1,[5.46671160007827],[5.466717700008303],0,7,7,2,54.58948320010677,,54.57402119995095,54.58948320010677,55.589320899918675,55.589320899918675,55.589320899918675,55.92266839998774,space,0.31847580010071397,None,55.92305490002036,56.62222826673339,56.936548500088975,56.91553770005703,56.91591350012459,56.936548500088975,56.936548500088975,56.936548500088975,62.403469800017774,300,1,[5.46671160007827],[5.466717700008303],P01,001,2025-11-12_13h44.20.500,intentional binding task,,2025.1.1,59.75536155133679,2025-11-12 13h44.32.683913 +0530,
0.1,1000,exp,8,8,0,space,0.8731501000002027,None,700,1,[4.917272699996829],[4.917278900044039],0,8,8,3,62.419520600000396,,62.40365090011619,62.419520600000396,63.418871300062165,63.418871300062165,63.418871300062165,64.30199049995281,space,0.8731501000002027,None,64.30245340010151,64.40296616667571,64.71698340005241,64.6955979000777,64.69599550007842,64.71698340005241,64.71698340005241,64.71698340005241,69.63448190013878,700,1,[4.917272699996829],[4.917278900044039],P01,001,2025-11-12_13h44.20.500,intentional binding task,,2025.1.1,59.75536155133679,2025-11-12 13h44.32.683913 +0530,
0.7,1000,exp,9,9,0,space,0.39733059983700514,None,500,1,[12.179679199820384],[12.179685199866071],0,9,9,8,69.64890379994176,,69.63464249996468,69.64890379994176,70.64847719995305,70.64847719995305,70.64847719995305,71.05247410014272,space,0.39733059983700514,None,71.05418410012498,71.76471236680324,72.0803136001341,72.06063470011577,72.06099870009348,72.0803136001341,72.0803136001341,72.0803136001341,84.26020830008201,500,1,[12.179679199820384],[12.179685199866071],P01,001,2025-11-12_13h44.20.500,intentional binding task,,2025.1.1,59.75536155133679,2025-11-12 13h44.32.683913 +0530,
0.4,1000,exp,10,10,0,space,0.39616460003890097,None,100,1,[2.5017021000385284],[2.5017087999731302],0,10,10,4,84.27618789998814,,84.26037669996731,84.27618789998814,85.27544270013459,85.27544270013459,85.27544270013459,85.67545170010999,space,0.39616460003890097,None,85.67585050011985,86.07582526660214,86.39002080005594,86.37871500011533,86.3789852000773,86.39002080005594,86.39002080005594,86.39002080005594,88.89193159993738,100,1,[2.5017021000385284],[2.5017087999731302],P01,001,2025-11-12_13h44.20.500,intentional binding task,,2025.1.1,59.75536155133679,2025-11-12 13h44.32.683913 +0530,
0.1,1000,exp,11,11,0,space,0.2640000998508185,None,175,1,[4.967553900089115],[4.967559500131756],0,11,11,6,88.90772600006312,,88.89209450013004,88.90772600006312,89.90725339995697,89.90725339995697,89.90725339995697,90.17447430011816,space,0.2640000998508185,None,90.17489290004596,90.29045506666104,90.60481530008838,90.58912319992669,90.58938260003924,90.60481530008838,90.60481530008838,90.60481530008838,95.5725805000402,175,1,[4.967553900089115],[4.967559500131756],P01,001,2025-11-12_13h44.20.500,intentional binding task,,2025.1.1,59.75536155133679,2025-11-12 13h44.32.683913 +0530,
0.4,1000,exp,12,0,1,space,1.6517604000400752,None,150,1,[2.1181403000373393],[2.1181463999673724],1,0,12,4,95.58822580007836,,95.57274370011874,95.58822580007836,96.58747350005433,96.58747350005433,96.60376450000331,98.25431190012023,space,1.6517604000400752,None,98.25471040001139,98.67007136677081,98.984658600064,98.96624190011062,98.96662620012648,98.984658600064,98.984658600064,98.984658600064,101.1030423999764,150,1,[2.1181403000373393],[2.1181463999673724],P01,001,2025-11-12_13h44.20.500,intentional binding task,,2025.1.1,59.75536155133679,2025-11-12 13h44.32.683913 +0530,
0.4,1000,exp,13,1,1,space,0.30121139995753765,None,320,1,[2.0180891999043524],[2.0180988998617977],1,1,13,10,101.11867380002514,,101.10323529993184,101.11867380002514,102.11799699999392,102.11799699999392,102.11799699999392,102.43488650000654,space,0.30121139995753765,None,102.43531670002267,102.83510226669411,103.1494851000607,103.12812689994462,103.12838870007545,103.1494851000607,103.1494851000607,103.1494851000607,105.16786519996822,320,1,[2.0180891999043524],[2.0180988998617977],P01,001,2025-11-12_13h44.20.500,intentional binding task,,2025.1.1,59.75536155133679,2025-11-12 13h44.32.683913 +0530,
0.7,1000,exp,14,2,1,space,0.060366599820554256,None,200,1,[2.5184359000995755],[2.5184433001559228],1,2,14,11,105.1838565999642,,105.16811370011419,105.1838565999642,106.18286289996468,106.18286289996468,106.18286289996468,106.24975780001841,space,0.060366599820554256,None,106.25034780008718,106.94974516664321,107.26421250007115,107.2454754000064,107.2458301000297,107.26421250007115,107.26421250007115,107.26421250007115,109.78289319993928,200,1,[2.5184359000995755],[2.5184433001559228],P01,001,2025-11-12_13h44.20.500,intentional binding task,,2025.1.1,59.75536155133679,2025-11-12 13h44.32.683913 +0530,
0.7,1000,exp,15,3,1,space,1.943182400194928,None,400,1,[2.1175726999063045],[2.1175806000828743],1,3,15,5,109.79812430008315,,109.78308700001799,109.79812430008315,110.79756100010127,110.79756100010127,110.79756100010127,112.74796600011177,space,1.943182400194928,None,112.74890900007449,113.44717226672607,113.76133990008384,113.74980599991977,113.75030680000782,113.76133990008384,113.76133990008384,113.76133990008384,115.87923890003003,400,1,[2.1175726999063045],[2.1175806000828743],P01,001,2025-11-12_13h44.20.500,intentional binding task,,2025.1.1,59.75536155133679,2025-11-12 13h44.32.683913 +0530,
0.1,1000,exp,16,4,1,space,0.5292450000997633,None,350,1,[2.235537900123745],[2.235544300172478],1,4,16,9,115.89660839992575,,115.87952700001188,115.89660839992575,116.87849400006235,116.87849400006235,116.9117410001345,117.41238230001181,space,0.5292450000997633,None,117.41288910014555,117.51156016678239,117.82635330013,117.80939520010725,117.80974950012751,117.82635330013,117.82635330013,117.82635330013,120.06212919997051,350,1,[2.235537900123745],[2.235544300172478],P01,001,2025-11-12_13h44.20.500,intentional binding task,,2025.1.1,59.75536155133679,2025-11-12 13h44.32.683913 +0530,
0.4,400,unexp,17,5,1,space,0.39558509993366897,None,650,1,[6.765793399885297],[6.765798300039023],1,5,17,1,120.07767240004614,,120.06229740008712,120.07767240004614,121.07670560013503,121.07670560013503,121.09352450002916,121.47646800009534,space,0.39558509993366897,None,121.47689700010233,121.87593746680456,122.19135460001417,122.17842060001567,122.17926870007068,122.19135460001417,122.19135460001417,122.19135460001417,128.95739539992064,650,1,[6.765793399885297],[6.765798300039023],P01,001,2025-11-12_13h44.20.500,intentional binding task,,2025.1.1,59.75536155133679,2025-11-12 13h44.32.683913 +0530,
0.4,1000,exp,18,6,1,space,0.23452249984256923,None,100,1,[3.76711819996126],[3.767124200006947],1,6,18,7,128.97382900002412,,128.95756210014224,128.97382900002412,129.9729194000829,129.9729194000829,129.9729194000829,130.22324969992042,space,0.23452249984256923,None,130.22363799996674,130.6231291667248,130.93815300008282,130.9167973001022,130.9172340000514,130.93815300008282,130.93815300008282,130.93815300008282,134.70553670008667,100,1,[3.76711819996126],[3.767124200006947],P01,001,2025-11-12_13h44.20.500,intentional binding task,,2025.1.1,59.75536155133679,2025-11-12 13h44.32.683913 +0530,
0.7,400,unexp,19,7,1,space,0.355182999977842,None,700,1,[4.733506799908355],[4.733513999963179],1,7,19,2,134.72060979995877,,134.70569920004345,134.72060979995877,135.7202290999703,135.7202290999703,135.7202290999703,136.08716170000844,space,0.355182999977842,None,136.08766980003566,136.7866723666123,137.10138260014355,137.0879311999306,137.08827130007558,137.10138260014355,137.10138260014355,137.10138260014355,141.8351203999482,700,1,[4.733506799908355],[4.733513999963179],P01,001,2025-11-12_13h44.20.500,intentional binding task,,2025.1.1,59.75536155133679,2025-11-12 13h44.32.683913 +0530,
0.1,1000,exp,20,8,1,space,0.8533599998336285,None,200,1,[2.118913499871269],[2.1189200999215245],1,8,20,6,141.85066480003297,,141.83530690008774,141.85066480003297,142.85071819997393,142.85071819997393,142.85071819997393,143.71784780011512,space,0.8533599998336285,None,143.7183229001239,143.83379136660758,144.14800760010257,144.12852529995143,144.12889320007525,144.14800760010257,144.14800760010257,144.14800760010257,146.26714510004967,200,1,[2.118913499871269],[2.1189200999215245],P01,001,2025-11-12_13h44.20.500,intentional binding task,,2025.1.1,59.75536155133679,2025-11-12 13h44.32.683913 +0530,
0.1,400,unexp,21,9,1,space,0.32258119992911816,None,150,1,[4.250621400075033],[4.250628000125289],1,9,21,0,146.28234010003507,,146.26732000010088,146.28234010003507,147.28152670012787,147.28152670012787,147.28152670012787,147.61571180005558,space,0.32258119992911816,None,147.6161053001415,147.7154046667895,148.0297429000493,148.01606520009227,148.01642780005932,148.0297429000493,148.0297429000493,148.0297429000493,152.28063119994476,150,1,[4.250621400075033],[4.250628000125289],P01,001,2025-11-12_13h44.20.500,intentional binding task,,2025.1.1,59.75536155133679,2025-11-12 13h44.32.683913 +0530,
0.7,1000,exp,22,10,1,space,0.3954288000240922,None,320,1,[2.0679685999639332],[2.067974800011143],1,10,22,8,152.2969710000325,,152.2808133000508,152.2969710000325,153.28021370014176,153.28021370014176,153.2974866000004,153.67970420001075,space,0.3954288000240922,None,153.68028560001403,154.37902176665764,154.69383860006928,154.67875150009058,154.679078000132,154.69383860006928,154.69383860006928,154.69383860006928,156.76201930013485,320,1,[2.0679685999639332],[2.067974800011143],P01,001,2025-11-12_13h44.20.500,intentional binding task,,2025.1.1,59.75536155133679,2025-11-12 13h44.32.683913 +0530,
0.1,1000,exp,23,11,1,space,0.7742121000774205,None,150,1,[1.735803399933502],[1.7358086998574436],1,11,23,3,156.77730139996856,,156.76218149997294,156.77730139996856,157.77774069993757,157.77774069993757,157.77774069993757,158.56125640007667,space,0.7742121000774205,None,158.5617251000367,158.67650196660932,158.9916636000853,158.97926499997266,158.97963159997016,158.9916636000853,158.9916636000853,158.9916636000853,160.72766970004886,150,1,[1.735803399933502],[1.7358086998574436],P01,001,2025-11-12_13h44.20.500,intentional binding task,,2025.1.1,59.75536155133679,2025-11-12 13h44.32.683913 +0530,
0.1,400,unexp,24,0,2,space,0.5125186999794096,None,500,1,[2.3683243000414222],[2.3683293000794947],2,0,24,0,160.74325560010038,,160.72783200000413,160.74325560010038,161.7428196000401,161.7428196000401,161.7428196000401,162.25874410010874,space,0.5125186999794096,None,162.2591307000257,162.35867936659295,162.69025940005668,162.65682890010066,162.65749839995988,162.69025940005668,162.69025940005668,162.69025940005668,165.0588021001313,500,1,[2.3683243000414222],[2.3683293000794947],P01,001,2025-11-12_13h44.20.500,intentional binding task,,2025.1.1,59.75536155133679,2025-11-12 13h44.32.683913 +0530,
0.4,1000,exp,25,1,2,space,0.31321700010448694,None,400,1,[1.6165226998273283],[1.616528799990192],2,1,25,7,165.07526409998536,,165.0589648000896,165.07526409998536,166.07420330005698,166.07420330005698,166.0905083999969,166.39050380000845,space,0.31321700010448694,None,166.39117179997265,166.7916559666085,167.10692770010792,167.09557320014574,167.09584840014577,167.10692770010792,167.10692770010792,167.10692770010792,168.72365970001556,400,1,[1.6165226998273283],[1.616528799990192],P01,001,2025-11-12_13h44.20.500,intentional binding task,,2025.1.1,59.75536155133679,2025-11-12 13h44.32.683913 +0530,
0.7,1000,exp,26,2,2,space,0.594396400032565,None,350,1,[1.9181168000213802],[1.9181225998327136],2,2,26,8,168.7387538999319,,168.72382019995712,168.7387538999319,169.73833220009692,169.73833220009692,169.73833220009692,170.33825120003894,space,0.594396400032565,None,170.33864239999093,171.03817706677754,171.35277749993838,171.3399475000333,171.34030720009468,171.35277749993838,171.35277749993838,171.35277749993838,173.27111249999143,350,1,[1.9181168000213802],[1.9181225998327136],P01,001,2025-11-12_13h44.20.500,intentional binding task,,2025.1.1,59.75536155133679,2025-11-12 13h44.32.683913 +0530,
0.7,400,unexp,27,3,2,space,0.31034149997867644,None,700,1,[4.35057200002484],[4.350578600075096],2,3,27,2,173.28705990011804,,173.27128159999847,173.28705990011804,174.26965819997713,174.26965819997713,174.28667589998804,174.58649630006403,space,0.31034149997867644,None,174.58710280014202,175.28608026664395,175.60124649992213,175.59001779998653,175.59027549996972,175.60124649992213,175.60124649992213,175.60124649992213,179.95204120012932,700,1,[4.35057200002484],[4.350578600075096],P01,001,2025-11-12_13h44.20.500,intentional binding task,,2025.1.1,59.75536155133679,2025-11-12 13h44.32.683913 +0530,
0.4,1000,exp,28,4,2,space,0.2805801001377404,None,250,1,[2.134672899963334],[2.134679300012067],2,4,28,10,179.96850950014777,,179.95221170014702,179.96850950014777,180.9509026000742,180.9509026000742,180.96722860005684,181.234359000111,space,0.2805801001377404,None,181.23489490011707,181.63403356663574,181.94843160011806,181.92574680014513,181.92603179998696,181.94843160011806,181.94843160011806,181.94843160011806,184.08331639994867,250,1,[2.134672899963334],[2.134679300012067],P01,001,2025-11-12_13h44.20.500,intentional binding task,,2025.1.1,59.75536155133679,2025-11-12 13h44.32.683913 +0530,
0.7,1000,exp,29,5,2,space,0.6209941999986768,None,400,1,[2.501575800124556],[2.5015823000576347],2,5,29,5,184.09997189999558,,184.0834791001398,184.09997189999558,185.09887610003352,185.09887610003352,185.11586740007624,185.7323145000264,space,0.6209941999986768,None,185.73273429996334,186.43175336678203,186.74632390006445,186.7291177001316,186.72937300009653,186.74632390006445,186.74632390006445,186.74632390006445,189.24832460004836,400,1,[2.501575800124556],[2.5015823000576347],P01,001,2025-11-12_13h44.20.500,intentional binding task,,2025.1.1,59.75536155133679,2025-11-12 13h44.32.683913 +0530,
0.4,1000,exp,30,6,2,space,0.6372527999337763,None,600,1,[5.317218899959698],[5.317223999882117],2,6,30,4,189.26343629998155,,189.24856960005127,189.26343629998155,190.26367220003158,190.26367220003158,190.26367220003158,190.9147968001198,space,0.6372527999337763,None,190.91596370004117,191.32915946661186,191.64406440011226,191.62676570005715,191.62734679994173,191.64406440011226,191.64406440011226,191.64406440011226,196.9615138999652,600,1,[5.317218899959698],[5.317223999882117],P01,001,2025-11-12_13h44.20.500,intentional binding task,,2025.1.1,59.75536155133679,2025-11-12 13h44.32.683913 +0530,
0.4,400,unexp,31,7,2,space,0.4988362998701632,None,100,1,[3.2346228000242263],[3.2346280000638217],2,7,31,1,196.97754870005883,,196.96167630003765,196.97754870005883,197.97652040002868,197.97652040002868,197.99292380013503,198.47612569993362,space,0.4988362998701632,None,198.4765884000808,198.87630206678685,199.1906063000206,199.16905419994146,199.16933499998413,199.1906063000206,199.1906063000206,199.1906063000206,202.4254354001023,100,1,[3.2346228000242263],[3.2346280000638217],P01,001,2025-11-12_13h44.20.500,intentional binding task,,2025.1.1,59.75536155133679,2025-11-12 13h44.32.683913 +0530,
0.1,1000,exp,32,8,2,space,0.28233680012635887,None,100,1,[3.3679950998630375],[3.368003999814391],2,8,32,3,202.44154949998483,,202.42560499999672,202.44154949998483,203.44097499991767,203.44097499991767,203.44097499991767,203.724955300102,space,0.28233680012635887,None,203.72536300006323,203.83996186667744,204.15505299996585,204.13895240006968,204.13921819999814,204.15505299996585,204.15505299996585,204.15505299996585,207.52341959998012,100,1,[3.3679950998630375],[3.368003999814391],P01,001,2025-11-12_13h44.20.500,intentional binding task,,2025.1.1,59.75536155133679,2025-11-12 13h44.32.683913 +0530,
0.1,1000,exp,33,9,2,space,0.5735365999862552,None,100,1,[2.1188268999103457],[2.118838099995628],2,9,33,9,207.53933800011873,,207.5237436001189,207.53933800011873,208.53843530011363,208.53843530011363,208.53843530011363,209.12180950003676,space,0.5735365999862552,None,209.1223697999958,209.2213328667606,209.53624950000085,209.51877810014412,209.51903520012274,209.53624950000085,209.53624950000085,209.53624950000085,211.65540260006674,100,1,[2.1188268999103457],[2.118838099995628],P01,001,2025-11-12_13h44.20.500,intentional binding task,,2025.1.1,59.75536155133679,2025-11-12 13h44.32.683913 +0530,
0.1,1000,exp,34,10,2,space,1.3379571000114083,None,350,1,[2.0856983000412583],[2.085703300079331],2,10,34,6,211.67045009997673,,211.65556390001439,211.67045009997673,212.6700596001465,212.6700596001465,212.6700596001465,214.01957310014404,space,1.3379571000114083,None,214.0202989000827,214.119554066627,214.43384300009347,214.4163297000341,214.41659469995648,214.43384300009347,214.43384300009347,214.43384300009347,216.51974750007503,350,1,[2.0856983000412583],[2.085703300079331],P01,001,2025-11-12_13h44.20.500,intentional binding task,,2025.1.1,59.75536155133679,2025-11-12 13h44.32.683913 +0530,
0.7,1000,exp,35,11,2,space,0.6771096000447869,None,700,1,[1.9187391998711973],[1.9187454998027533],2,11,35,11,216.5345382001251,,216.51991120004095,216.5345382001251,217.5349827001337,217.5349827001337,217.5349827001337,218.21737590013072,space,0.6771096000447869,None,218.21789920004085,218.9175811666685,219.24863220006227,219.2199830999598,219.22042619995773,219.24863220006227,219.24863220006227,219.24863220006227,221.16758470004424,700,1,[1.9187391998711973],[1.9187454998027533],P01,001,2025-11-12_13h44.20.500,intentional binding task,,2025.1.1,59.75536155133679,2025-11-12 13h44.32.683913 +0530,
0.4,1000,exp,36,0,3,space,0.961232100147754,None,300,1,[2.018424700014293],[2.01843070005998],3,0,36,10,221.1833343000617,,221.1677443999797,221.1833343000617,222.18304069992155,222.18304069992155,222.18304069992155,223.14855920011178,space,0.961232100147754,None,223.1489423001185,223.54905546672333,223.8798360999208,223.84971840004437,223.85033240006305,223.8798360999208,223.8798360999208,223.8798360999208,225.8984904999379,300,1,[2.018424700014293],[2.01843070005998],P01,001,2025-11-12_13h44.20.500,intentional binding task,,2025.1.1,59.75536155133679,2025-11-12 13h44.32.683913 +0530,
0.1,400,unexp,37,1,3,space,1.0784162001218647,None,100,1,[2.168355899862945],[2.1683614999055862],3,1,37,0,225.91406970005482,,225.89865049999207,225.91406970005482,226.89779469999485,226.89779469999485,226.91432620002888,227.9807919000741,space,1.0784162001218647,None,227.98166520008817,228.08065176668268,228.39471890009008,228.37708020000719,228.3776265999768,228.39471890009008,228.39471890009008,228.39471890009008,230.56329610012472,100,1,[2.168355899862945],[2.1683614999055862],P01,001,2025-11-12_13h44.20.500,intentional binding task,,2025.1.1,59.75536155133679,2025-11-12 13h44.32.683913 +0530,
0.1,1000,exp,38,2,3,space,1.0491267999168485,None,300,1,[2.285071099875495],[2.2850774999242276],3,2,38,9,230.57903170003556,,230.56346450001,230.57903170003556,231.57830519997515,231.57830519997515,231.57830519997515,232.62857790011913,space,1.0491267999168485,None,232.6290585999377,232.72891246673342,233.0422513000667,233.02688689995557,233.02739279996604,233.0422513000667,233.0422513000667,233.0422513000667,235.32753490004689,300,1,[2.285071099875495],[2.2850774999242276],P01,001,2025-11-12_13h44.20.500,intentional binding task,,2025.1.1,59.75536155133679,2025-11-12 13h44.32.683913 +0530,
0.4,400,unexp,39,3,3,space,1.268995099933818,None,400,1,[2.484907199861482],[2.4849129000212997],3,3,39,1,235.34319379995577,,235.32770389993675,235.34319379995577,236.342765300069,236.342765300069,236.342765300069,237.62682810006663,space,1.268995099933818,None,237.62761620013043,238.02602726669673,238.35720900003798,238.32746540009975,238.32838420011103,238.35720900003798,238.35720900003798,238.35720900003798,240.84233050001785,400,1,[2.484907199861482],[2.4849129000212997],P01,001,2025-11-12_13h44.20.500,intentional binding task,,2025.1.1,59.75536155133679,2025-11-12 13h44.32.683913 +0530,
0.4,1000,exp,40,4,3,space,0.3625864000059664,None,200,1,[2.867468799930066],[2.8674742998555303],3,4,40,7,240.8581652001012,,240.8424891999457,240.8581652001012,241.85750919999555,241.85750919999555,241.85750919999555,242.22383640008047,space,0.3625864000059664,None,242.22423769999295,242.62335656659369,242.93807479995303,242.91604209993966,242.91629950003698,242.93807479995303,242.93807479995303,242.93807479995303,245.80575180007145,200,1,[2.867468799930066],[2.8674742998555303],P01,001,2025-11-12_13h44.20.500,intentional binding task,,2025.1.1,59.75536155133679,2025-11-12 13h44.32.683913 +0530,
0.7,1000,exp,41,5,3,space,0.33333899988792837,None,600,1,[2.734326699981466],[2.734333199914545],3,5,41,11,245.82198640005663,,245.80591470003128,245.82198640005663,246.80615900014527,246.80615900014527,246.82115889992565,247.15492979995906,space,0.33333899988792837,None,247.15531400009058,247.85460556677234,248.1691280999221,248.1485701999627,248.14900909992866,248.1691280999221,248.1691280999221,248.1691280999221,250.90371470013633,600,1,[2.734326699981466],[2.734333199914545],P01,001,2025-11-12_13h44.20.500,intentional binding task,,2025.1.1,59.75536155133679,2025-11-12 13h44.32.683913 +0530,
0.4,1000,exp,42,6,3,space,0.7615996000822634,None,100,1,[1.9847957000602037],[1.9848017001058906],3,6,42,4,250.91939870011993,,250.9038847000338,250.91939870011993,251.90287020010874,251.90287020010874,251.91998820006847,252.66981899994425,space,0.7615996000822634,None,252.6702582000289,253.08594636671867,253.40019720001146,253.3853752000723,253.38580360007472,253.40019720001146,253.40019720001146,253.40019720001146,255.38521929993294,100,1,[1.9847957000602037],[1.9848017001058906],P01,001,2025-11-12_13h44.20.500,intentional binding task,,2025.1.1,59.75536155133679,2025-11-12 13h44.32.683913 +0530,
0.7,400,unexp,43,7,3,space,1.4755349000915885,None,350,1,[1.2526405001990497],[1.252646700013429],3,7,43,2,255.40126920002513,,255.38540280004963,255.40126920002513,256.3842325999867,256.3842325999867,256.40119619993493,257.8677592999302,space,1.4755349000915885,None,257.8684747000225,258.58339846675904,258.897756600054,258.87784400000237,258.8785292999819,258.897756600054,258.897756600054,258.897756600054,260.1506171000656,350,1,[1.2526405001990497],[1.252646700013429],P01,001,2025-11-12_13h44.20.500,intentional binding task,,2025.1.1,59.75536155133679,2025-11-12 13h44.32.683913 +0530,
0.7,1000,exp,44,8,3,space,0.5630945998709649,None,200,1,[3.184132299851626],[3.1841394999064505],3,8,44,8,260.1656782999635,,260.15078789996915,260.1656782999635,261.1652772000525,261.1652772000525,261.1652772000525,261.73273709998466,space,0.5630945998709649,None,261.7334535999689,262.43234616663926,262.74607290001586,262.7282591999974,262.7287982001435,262.74607290001586,262.74607290001586,262.74607290001586,265.93046070006676,200,1,[3.184132299851626],[3.1841394999064505],P01,001,2025-11-12_13h44.20.500,intentional binding task,,2025.1.1,59.75536155133679,2025-11-12 13h44.32.683913 +0530,
0.1,1000,exp,45,9,3,space,1.9178734000306576,None,350,1,[4.018139699939638],[4.018145199865103],3,9,45,3,265.94618039997295,,265.9306612999644,265.94618039997295,266.9458202000242,266.9458202000242,266.9458202000242,268.8789061999414,space,1.9178734000306576,None,268.87935289996676,268.97844946670034,269.29307970008813,269.2774613001384,269.2777549000457,269.29307970008813,269.29307970008813,269.29307970008813,273.311427900102,350,1,[4.018139699939638],[4.018145199865103],P01,001,2025-11-12_13h44.20.500,intentional binding task,,2025.1.1,59.75536155133679,2025-11-12 13h44.32.683913 +0530,
0.7,1000,exp,46,10,3,space,0.3887571000959724,None,600,1,[3.83292070007883],[3.8329261001199484],3,10,46,5,273.3267435000744,,273.31158909993246,273.3267435000744,274.32706769998185,274.32706769998185,274.32706769998185,274.72697070008144,space,0.3887571000959724,None,274.72787600010633,275.44236876658783,275.7580764000304,275.7373832000885,275.7377387001179,275.7580764000304,275.7580764000304,275.7580764000304,279.59121119999327,600,1,[3.83292070007883],[3.8329261001199484],P01,001,2025-11-12_13h44.20.500,intentional binding task,,2025.1.1,59.75536155133679,2025-11-12 13h44.32.683913 +0530,
0.1,1000,exp,47,11,3,space,0.2991639000829309,None,300,1,[2.234884399920702],[2.2348898998461664],3,11,47,6,279.60712060006335,,279.59138340014033,279.60712060006335,280.5922574000433,280.5922574000433,280.608886500122,280.90746690006927,space,0.2991639000829309,None,280.9078611000441,281.0232162667128,281.3378306000959,281.3163232000079,281.31658230000176,281.3378306000959,281.3378306000959,281.3378306000959,283.57292239996605,300,1,[2.234884399920702],[2.2348898998461664],P01,001,2025-11-12_13h44.20.500,intentional binding task,,2025.1.1,59.75536155133679,2025-11-12 13h44.32.683913 +0530,
0.4,1000,exp,48,0,4,space,0.5305580000858754,None,170,1,[3.450884400168434],[3.450890500098467],4,0,48,7,283.58871349995025,,283.57309389999136,283.58871349995025,284.588941300055,284.588941300055,284.588941300055,285.1216216001194,space,0.5305580000858754,None,285.122067600023,285.52111136663393,285.8360665999353,285.81868469994515,285.81901179999113,285.8360665999353,285.8360665999353,285.8360665999353,289.2871674001217,170,1,[3.450884400168434],[3.450890500098467],P01,001,2025-11-12_13h44.20.500,intentional binding task,,2025.1.1,59.75536155133679,2025-11-12 13h44.32.683913 +0530,
0.1,1000,exp,49,1,4,space,0.3334194999188185,None,320,1,[3.217892099870369],[3.2178986000362784],4,1,49,3,289.30247350013815,,289.2873402000405,289.30247350013815,290.302127599949,290.302127599949,290.302127599949,290.6529449999798,space,0.3334194999188185,None,290.6537145001348,290.75232056674236,291.0836569000967,291.04917030013166,291.0498627999332,291.0836569000967,291.0836569000967,291.0836569000967,294.3017949999776,320,1,[3.217892099870369],[3.2178986000362784],P01,001,2025-11-12_13h44.20.500,intentional binding task,,2025.1.1,59.75536155133679,2025-11-12 13h44.32.683913 +0530,
0.7,1000,exp,50,2,4,space,0.5939016998745501,None,200,1,[2.951734700007364],[2.951740700053051],4,2,50,5,294.3174559001345,,294.3019793999847,294.3174559001345,295.317451500101,295.317451500101,295.317451500101,295.9166325000115,space,0.5939016998745501,None,295.9170466000214,296.61604626669236,296.93095650011674,296.91696269996464,296.9172471999191,296.93095650011674,296.93095650011674,296.93095650011674,299.8829554999247,200,1,[2.951734700007364],[2.951740700053051],P01,001,2025-11-12_13h44.20.500,intentional binding task,,2025.1.1,59.75536155133679,2025-11-12 13h44.32.683913 +0530,
0.1,1000,exp,51,3,4,space,1.1626214999705553,None,100,1,[2.2986905998550355],[2.298695799894631],4,3,51,9,299.89960859995335,,299.88313510012813,299.89960859995335,300.897410799982,300.897410799982,300.9141023999546,302.06401660013944,space,1.1626214999705553,None,302.06442920002155,302.163694766645,302.4786088000983,302.4655915000476,302.4658673000522,302.4786088000983,302.4786088000983,302.4786088000983,304.7775070001371,100,1,[2.2986905998550355],[2.298695799894631],P01,001,2025-11-12_13h44.20.500,intentional binding task,,2025.1.1,59.75536155133679,2025-11-12 13h44.32.683913 +0530,
0.1,400,unexp,52,4,4,space,1.0630471999756992,None,600,1,[3.8344578000251204],[3.834463399834931],4,4,52,0,304.7932541000191,,304.77768020005897,304.7932541000191,305.77649140008725,305.77649140008725,305.79337040008977,306.84335230011493,space,1.0630471999756992,None,306.84381609992124,306.9446081666431,307.2597978000995,307.2364644999616,307.2367168001365,307.2597978000995,307.2597978000995,307.2597978000995,311.0944660999812,600,1,[3.8344578000251204],[3.834463399834931],P01,001,2025-11-12_13h44.20.500,intentional binding task,,2025.1.1,59.75536155133679,2025-11-12 13h44.32.683913 +0530,
0.4,1000,exp,53,5,4,space,0.510224400088191,None,100,1,[2.851394600002095],[2.851400899933651],4,5,53,4,311.1096761999652,,311.09463190007955,311.1096761999652,312.10922809992917,312.10922809992917,312.10922809992917,312.6281427999493,space,0.510224400088191,None,312.6285236000549,313.0425109665996,313.3573797000572,313.33587890001945,313.336332899984,313.3573797000572,313.3573797000572,313.3573797000572,316.20898630004376,100,1,[2.851394600002095],[2.851400899933651],P01,001,2025-11-12_13h44.20.500,intentional binding task,,2025.1.1,59.75536155133679,2025-11-12 13h44.32.683913 +0530,
0.4,1000,exp,54,6,4,space,0.811686199856922,None,200,1,[2.402318000094965],[2.4023239000234753],4,6,54,10,316.22517400002107,,316.20914960000664,316.22517400002107,317.22380929999053,317.22380929999053,317.24068420007825,318.04067300003953,space,0.811686199856922,None,318.0410563000478,318.44083446666286,318.75511280004866,318.73765549995005,318.73819970013574,318.75511280004866,318.75511280004866,318.75511280004866,321.1576603001449,200,1,[2.402318000094965],[2.4023239000234753],P01,001,2025-11-12_13h44.20.500,intentional binding task,,2025.1.1,59.75536155133679,2025-11-12 13h44.32.683913 +0530,
0.7,1000,exp,55,7,4,space,0.3078697999008,None,200,1,[6.016639800043777],[6.016646399861202],4,7,55,11,321.17222649999894,,321.1578238999937,321.17222649999894,322.1564879999496,322.1564879999496,322.17270310013555,322.47252910002135,space,0.3078697999008,None,322.4731714001391,323.17475336679877,323.50337829999626,323.47999670007266,323.4803876001388,323.50337829999626,323.50337829999626,323.50337829999626,329.5202860001009,200,1,[6.016639800043777],[6.016646399861202],P01,001,2025-11-12_13h44.20.500,intentional binding task,,2025.1.1,59.75536155133679,2025-11-12 13h44.32.683913 +0530,
0.7,1000,exp,56,8,4,space,0.28351010009646416,None,200,1,[2.384208499919623],[2.3842140999622643],4,8,56,8,329.5348090000916,,329.5204839000944,329.5348090000916,330.53594229999,330.53594229999,330.53594229999,330.8352835001424,space,0.28351010009646416,None,330.8356808000244,331.5513496667302,331.8832809999585,331.8496171000879,331.85015860013664,331.8832809999585,331.8832809999585,331.8832809999585,334.26773070008494,200,1,[2.384208499919623],[2.3842140999622643],P01,001,2025-11-12_13h44.20.500,intentional binding task,,2025.1.1,59.75536155133679,2025-11-12 13h44.32.683913 +0530,
0.1,1000,exp,57,9,4,space,0.5329171000048518,None,200,1,[2.78454149980098],[2.784547299845144],4,9,57,6,334.2860435999464,,334.26789160002954,334.2860435999464,335.2824872001074,335.2824872001074,335.2994868999813,335.8161083001178,space,0.5329171000048518,None,335.8166173999198,335.9161170668124,336.23067299998365,336.2118754000403,336.2126941001043,336.23067299998365,336.23067299998365,336.23067299998365,339.0154389999807,200,1,[2.78454149980098],[2.784547299845144],P01,001,2025-11-12_13h44.20.500,intentional binding task,,2025.1.1,59.75536155133679,2025-11-12 13h44.32.683913 +0530,
0.4,400,unexp,58,10,4,space,1.5289698000997305,None,400,1,[3.1174089999403805],[3.117414499865845],4,10,58,1,339.0306262001395,,339.01559670013376,339.0306262001395,340.03070400003344,340.03070400003344,340.03070400003344,341.5636297999881,space,1.5289698000997305,None,341.5644849999808,341.96320726658837,342.2778733000159,342.25925579993054,342.25969590013847,342.2778733000159,342.2778733000159,342.2778733000159,345.39550390001386,400,1,[3.1174089999403805],[3.117414499865845],P01,001,2025-11-12_13h44.20.500,intentional binding task,,2025.1.1,59.75536155133679,2025-11-12 13h44.32.683913 +0530,
0.7,400,unexp,59,11,4,space,0.25840779999271035,None,700,1,[1.9346364999655634],[1.934641799889505],4,11,59,2,345.4115450999234,,345.39566050004214,345.4115450999234,346.3975372000132,346.3975372000132,346.41411620005965,346.66194649995305,space,0.25840779999271035,None,346.66282640001737,347.3620982666655,347.6926774000749,347.66101279994473,347.66149109997787,347.6926774000749,347.6926774000749,347.6926774000749,349.6275450999383,700,1,[1.9346364999655634],[1.934641799889505],P01,001,2025-11-12_13h44.20.500,intentional binding task,,2025.1.1,59.75536155133679,2025-11-12 13h44.32.683913 +0530,
0.7,400,unexp,60,0,5,space,1.552907699951902,None,800,1,[3.4679815000854433],[3.467987700132653],5,0,60,2,349.6432370999828,,349.6277102001477,349.6432370999828,350.64300739998,350.64300739998,350.64300739998,352.2089234001469,space,1.552907699951902,None,352.20931000006385,352.9087740667785,353.2228630001191,353.20650340011343,353.2067861999385,353.2228630001191,353.2228630001191,353.2228630001191,356.69105369993486,800,1,[3.4679815000854433],[3.467987700132653],P01,001,2025-11-12_13h44.20.500,intentional binding task,,2025.1.1,59.75536155133679,2025-11-12 13h44.32.683913 +0530,
0.7,1000,exp,61,1,5,space,0.6419883000198752,None,100,1,[2.2183896000497043],[2.2183956999797374],5,1,61,5,356.7074351001065,,356.69121209997684,356.7074351001065,357.6905326000415,357.6905326000415,357.707644399954,358.34238169994205,space,0.6419883000198752,None,358.34328359994106,359.0555792668058,359.3868261000607,359.3564587000292,359.3571774000302,359.3868261000607,359.3868261000607,359.3868261000607,361.6054313001223,100,1,[2.2183896000497043],[2.2183956999797374],P01,001,2025-11-12_13h44.20.500,intentional binding task,,2025.1.1,59.75536155133679,2025-11-12 13h44.32.683913 +0530,
0.4,1000,exp,62,2,5,space,1.9822951999958605,None,350,1,[1.9020688000600785],[1.9020740000996739],5,2,62,4,361.6208409999963,,361.6056979999412,361.6208409999963,362.6214167000726,362.6214167000726,362.6214167000726,364.62097020004876,space,1.9822951999958605,None,364.6221497999504,365.02296686667637,365.3510169000365,365.3251908000093,365.3256592999678,365.3510169000365,365.3510169000365,365.3510169000365,367.25329450005665,350,1,[1.9020688000600785],[1.9020740000996739],P01,001,2025-11-12_13h44.20.500,intentional binding task,,2025.1.1,59.75536155133679,2025-11-12 13h44.32.683913 +0530,
0.1,1000,exp,63,3,5,space,1.1994606000371277,None,120,1,[2.267142899800092],[2.267148199956864],5,3,63,9,367.26908310013823,,367.25345290009864,367.26908310013823,368.268007799983,368.268007799983,368.28487049997784,369.4681796999648,space,1.1994606000371277,None,369.4687590999529,369.56744536670544,369.8992786000017,369.8668100000359,369.86729929992,369.8992786000017,369.8992786000017,369.8992786000017,372.1666703999508,120,1,[2.267142899800092],[2.267148199956864],P01,001,2025-11-12_13h44.20.500,intentional binding task,,2025.1.1,59.75536155133679,2025-11-12 13h44.32.683913 +0530,
0.4,1000,exp,64,4,5,space,1.8054951999802142,None,300,1,[1.8690796999726444],[1.8690849000122398],5,4,64,10,372.1838074999396,,372.1668370999396,372.1838074999396,373.16648610006087,373.16648610006087,373.1827909001149,374.98270609998144,space,1.8054951999802142,None,374.98335990007035,375.39869966666834,375.71305390005,375.69695969996974,375.6972561001312,375.71305390005,375.71305390005,375.71305390005,377.5823464000132,300,1,[1.8690796999726444],[1.8690849000122398],P01,001,2025-11-12_13h44.20.500,intentional binding task,,2025.1.1,59.75536155133679,2025-11-12 13h44.32.683913 +0530,
0.1,1000,exp,65,5,5,space,1.4106753000523895,None,300,1,[2.2686947998590767],[2.2687009999062866],5,5,65,3,377.5980523999315,,377.5825159000233,377.5980523999315,378.59744459996,378.59744459996,378.61405520001426,380.01408750005066,space,1.4106753000523895,None,380.01498270011507,380.1138420666723,380.4277681999374,380.40647469996475,380.407016800018,380.4277681999374,380.4277681999374,380.4277681999374,382.69668229995295,300,1,[2.2686947998590767],[2.2687009999062866],P01,001,2025-11-12_13h44.20.500,intentional binding task,,2025.1.1,59.75536155133679,2025-11-12 13h44.32.683913 +0530,
0.4,400,unexp,66,6,5,space,0.2725518001243472,None,500,1,[4.817262800177559],[4.817267700098455],5,6,66,1,382.71198859997094,,382.6968437000178,382.71198859997094,383.7115494001191,383.7115494001191,383.7115494001191,383.9946395000443,space,0.2725518001243472,None,383.99502069992013,384.39455046673925,384.70925930002704,384.6862995000556,384.6865755999461,384.70925930002704,384.70925930002704,384.70925930002704,389.5267277001403,500,1,[4.817262800177559],[4.817267700098455],P01,001,2025-11-12_13h44.20.500,intentional binding task,,2025.1.1,59.75536155133679,2025-11-12 13h44.32.683913 +0530,
0.7,1000,exp,67,7,5,space,0.2611769998911768,None,200,1,[2.517576500074938],[2.517582300119102],5,7,67,8,389.5426344999578,,389.52688700007275,389.5426344999578,390.5429567999672,390.5429567999672,390.5429567999672,390.80818750010803,space,0.2611769998911768,None,390.80863060010597,391.50793106673905,391.822562900139,391.8059990000911,391.8063876000233,391.822562900139,391.822562900139,391.822562900139,394.3403551001102,200,1,[2.517576500074938],[2.517582300119102],P01,001,2025-11-12_13h44.20.500,intentional binding task,,2025.1.1,59.75536155133679,2025-11-12 13h44.32.683913 +0530,
0.7,1000,exp,68,8,5,space,0.2636058998759836,None,100,1,[1.8008901998400688],[1.8008967000059783],5,8,68,11,394.3574161999859,,394.3405260001309,394.3574161999859,395.34011320001446,395.34011320001446,395.35650220001116,395.60737600014545,space,0.2636058998759836,None,395.6077710001264,396.30662076670365,396.6374147001188,396.6088889001403,396.60981129994616,396.6374147001188,396.6374147001188,396.6374147001188,398.4385319999419,100,1,[1.8008901998400688],[1.8008967000059783],P01,001,2025-11-12_13h44.20.500,intentional binding task,,2025.1.1,59.75536155133679,2025-11-12 13h44.32.683913 +0530,
0.1,400,unexp,69,9,5,space,1.0371766001917422,None,600,1,[3.016633399995044],[3.0166397001594305],5,9,69,0,398.4553799999412,,398.438704600092,398.4553799999412,399.43861549999565,399.43861549999565,399.45500220009126,400.48826889996417,space,1.0371766001917422,None,400.48890880006365,400.58853096660846,400.90387089992873,400.89058200013824,400.8908186999615,400.90387089992873,400.90387089992873,400.90387089992873,403.92072329996154,600,1,[3.016633399995044],[3.0166397001594305],P01,001,2025-11-12_13h44.20.500,intentional binding task,,2025.1.1,59.75536155133679,2025-11-12 13h44.32.683913 +0530,
0.1,1000,exp,70,10,5,space,1.7687309000175446,None,200,1,[4.149284099927172],[4.1492890999652445],5,10,70,6,403.93544379994273,,403.9208859000355,403.93544379994273,404.9350258000195,404.9350258000195,404.9350258000195,406.7220044999849,space,1.7687309000175446,None,406.7234040000476,406.83574736660034,407.167755600065,407.1493226001039,407.1495767000597,407.167755600065,407.167755600065,407.167755600065,411.31725040008314,200,1,[4.149284099927172],[4.1492890999652445],P01,001,2025-11-12_13h44.20.500,intentional binding task,,2025.1.1,59.75536155133679,2025-11-12 13h44.32.683913 +0530,
0.4,1000,exp,71,11,5,space,1.32757359999232,None,300,1,[2.0515541001223028],[2.0515636999625713],5,11,71,7,411.3322497000918,,411.31741050002165,411.3322497000918,412.3318861001171,412.3318861001171,412.3318861001171,413.66537360008806,space,1.32757359999232,None,413.6657664999366,414.08162996668057,414.3961304000113,414.3790067001246,414.3793272001203,414.3961304000113,414.3961304000113,414.3961304000113,416.447955599986,300,1,[2.0515541001223028],[2.0515636999625713],P01,001,2025-11-12_13h44.20.500,intentional binding task,,2025.1.1,59.75536155133679,2025-11-12 13h44.32.683913 +0530,
0.7,1000,exp,72,0,6,space,1.4503406998701394,None,400,1,[1.9682613001205027],[1.968267299933359],6,0,72,11,416.46385319996625,,416.4481319000479,416.46385319996625,417.44909210014157,417.44909210014157,417.46594529994763,418.91292580007575,space,1.4503406998701394,None,418.9133316001389,419.6123652666031,419.92720749997534,419.9107172000222,419.9109849999659,419.92720749997534,419.92720749997534,419.92720749997534,421.8956758999266,400,1,[1.9682613001205027],[1.968267299933359],P01,001,2025-11-12_13h44.20.500,intentional binding task,,2025.1.1,59.75536155133679,2025-11-12 13h44.32.683913 +0530,
0.4,1000,exp,73,1,6,space,0.5248883999884129,None,320,1,[1.7322022998705506],[1.7322088999208063],6,1,73,10,421.9109551999718,,421.895832200069,421.9109551999718,422.9108911000658,422.9108911000658,422.9108911000658,423.4446392999962,space,0.5248883999884129,None,423.4450175999664,423.8444349666281,424.16117059998214,424.14407599996775,424.14432310010307,424.16117059998214,424.16117059998214,424.16117059998214,425.89366520009935,320,1,[1.7322022998705506],[1.7322088999208063],P01,001,2025-11-12_13h44.20.500,intentional binding task,,2025.1.1,59.75536155133679,2025-11-12 13h44.32.683913 +0530,
0.4,400,unexp,74,2,6,space,1.6143809000495821,None,700,1,[2.5838754000142217],[2.5838816999457777],6,2,74,1,425.9092342001386,,425.893846699968,425.9092342001386,426.89301320002414,426.89301320002414,426.9089876001235,428.5093046000693,space,1.6143809000495821,None,428.50975470012054,428.9086943667537,429.22381390002556,429.20690950006247,429.20716749993153,429.22381390002556,429.22381390002556,429.22381390002556,431.80789189995266,700,1,[2.5838754000142217],[2.5838816999457777],P01,001,2025-11-12_13h44.20.500,intentional binding task,,2025.1.1,59.75536155133679,2025-11-12 13h44.32.683913 +0530,
0.7,1000,exp,75,3,6,space,1.9717428998555988,None,100,1,[6.017415700014681],[6.017423100071028],6,3,75,8,431.8237052001059,,431.80804880009964,431.8237052001059,432.8237056999933,432.8237056999933,432.8237056999933,434.8060830999166,space,1.9717428998555988,None,434.8065019999631,435.50522116671004,435.81996490014717,435.8083439001348,435.8086314999964,435.81996490014717,435.81996490014717,435.81996490014717,441.8376237999182,100,1,[6.017415700014681],[6.017423100071028],P01,001,2025-11-12_13h44.20.500,intentional binding task,,2025.1.1,59.75536155133679,2025-11-12 13h44.32.683913 +0530,
0.1,1000,exp,76,4,6,space,0.731607099995017,None,220,1,[4.233807800104842],[4.233814500039443],6,4,76,3,441.852653299924,,441.83781099994667,441.852653299924,442.8522829001304,442.8522829001304,442.8522829001304,443.58670550002716,space,0.731607099995017,None,443.5875435001217,443.68591076677353,444.0001517001074,443.9773538999725,443.9777327000629,444.0001517001074,444.0001517001074,444.0001517001074,448.2341716999654,220,1,[4.233807800104842],[4.233814500039443],P01,001,2025-11-12_13h44.20.500,intentional binding task,,2025.1.1,59.75536155133679,2025-11-12 13h44.32.683913 +0530,
0.4,1000,exp,77,5,6,space,0.8545691000763327,None,350,1,[2.335129000013694],[2.335135799832642],6,5,77,4,448.24933389993384,,448.23434019996785,448.24933389993384,449.24894369998947,449.24894369998947,449.24894369998947,450.1164885999169,space,0.8545691000763327,None,450.11686710012145,450.51554406673336,450.8468442999292,450.81759710004553,450.81807960011065,450.8468442999292,450.8468442999292,450.8468442999292,453.1822412000038,350,1,[2.335129000013694],[2.335135799832642],P01,001,2025-11-12_13h44.20.500,intentional binding task,,2025.1.1,59.75536155133679,2025-11-12 13h44.32.683913 +0530,
0.1,1000,exp,78,6,6,space,1.3021393998060375,None,150,1,[2.568466200027615],[2.5684726999606937],6,6,78,6,453.19722210010514,,453.1824231001083,453.19722210010514,454.1973220000509,454.1973220000509,454.1973220000509,455.5135222999379,space,1.3021393998060375,None,455.5139611000195,455.61352146679224,455.92812160006724,455.908757600002,455.9092645000201,455.92812160006724,455.92812160006724,455.92812160006724,458.49682150012814,150,1,[2.568466200027615],[2.5684726999606937],P01,001,2025-11-12_13h44.20.500,intentional binding task,,2025.1.1,59.75536155133679,2025-11-12 13h44.32.683913 +0530,
0.7,1000,exp,79,7,6,space,1.0800431999377906,None,100,1,[2.0018729001749307],[2.0018794001080096],6,7,79,5,458.511866300134,,458.49698080006056,458.511866300134,459.51147880009376,459.51147880009376,459.51147880009376,460.59462340013124,space,1.0800431999377906,None,460.59502770006657,461.29451416671895,461.60875240014866,461.5874276999384,461.5877028000541,461.60875240014866,461.60875240014866,461.60875240014866,463.61084179999307,100,1,[2.0018729001749307],[2.0018794001080096],P01,001,2025-11-12_13h44.20.500,intentional binding task,,2025.1.1,59.75536155133679,2025-11-12 13h44.32.683913 +0530,
0.4,1000,exp,80,8,6,space,1.2416093999054283,None,320,1,[3.900203299941495],[3.9002096001058817],6,8,80,7,463.6266976001207,,463.61100849998184,463.6266976001207,464.6264148000628,464.6264148000628,464.6264148000628,465.8763447001111,space,1.2416093999054283,None,465.8769146001432,466.2755424667305,466.590035200119,466.5752187001053,466.5755360000767,466.590035200119,466.590035200119,466.590035200119,470.4904517000541,320,1,[3.900203299941495],[3.9002096001058817],P01,001,2025-11-12_13h44.20.500,intentional binding task,,2025.1.1,59.75536155133679,2025-11-12 13h44.32.683913 +0530,
0.7,400,unexp,81,9,6,space,0.28568949992768466,None,750,1,[3.9341064000036567],[3.934115899959579],6,9,81,2,470.50721610011533,,470.49062260007486,470.50721610011533,471.48970249993727,471.48970249993727,471.5071095000021,471.7894933000207,space,0.28568949992768466,None,471.78987010009587,472.49018546665707,472.82048440002836,472.7898508000653,472.79037160007283,472.82048440002836,472.82048440002836,472.82048440002836,476.75496689998545,750,1,[3.9341064000036567],[3.934115899959579],P01,001,2025-11-12_13h44.20.500,intentional binding task,,2025.1.1,59.75536155133679,2025-11-12 13h44.32.683913 +0530,
0.1,400,unexp,82,10,6,space,0.7018823001999408,None,600,1,[3.052395800128579],[3.0524013999383897],6,10,82,0,476.77031040005386,,476.7553334000986,476.77031040005386,477.77026050002314,477.77026050002314,477.77026050002314,478.48645909992047,space,0.7018823001999408,None,478.4869753001258,478.586009066614,478.901036700001,478.88688220013864,478.887144099921,478.901036700001,478.901036700001,478.901036700001,481.9536429999862,600,1,[3.052395800128579],[3.0524013999383897],P01,001,2025-11-12_13h44.20.500,intentional binding task,,2025.1.1,59.75536155133679,2025-11-12 13h44.32.683913 +0530,
0.1,1000,exp,83,11,6,space,0.4152077999897301,None,100,1,[1.9653407000005245],[1.9653607001528144],6,11,83,9,481.96830049995333,,481.95380369992927,481.96830049995333,482.96828630007803,482.96828630007803,482.96828630007803,483.38467960013077,space,0.4152077999897301,None,483.38511219993234,483.48540656670616,483.81836519995704,483.79927120008506,483.79952650005,483.81836519995704,483.81836519995704,483.81836519995704,485.78393830009736,100,1,[1.9653407000005245],[1.9653607001528144],P01,001,2025-11-12_13h44.20.500,intentional binding task,,2025.1.1,59.75536155133679,2025-11-12 13h44.32.683913 +0530,
0.4,1000,exp,84,0,7,space,1.1360901000443846,None,50,1,[3.7005606000311673],[3.7005668999627233],7,0,84,10,485.79952140012756,,485.78410780010745,485.79952140012756,486.78398169996217,486.78398169996217,486.79907019995153,487.93224949995056,space,1.1360901000443846,None,487.932692399947,488.33221646660627,488.6467047999613,488.6304878999945,488.630757200066,488.6467047999613,488.6467047999613,488.6467047999613,492.3475134000182,50,1,[3.7005606000311673],[3.7005668999627233],P01,001,2025-11-12_13h44.20.500,intentional binding task,,2025.1.1,59.75536155133679,2025-11-12 13h44.32.683913 +0530,
0.1,1000,exp,85,1,7,space,1.3007342000491917,None,50,1,[0.9528175999876112],[0.9528242000378668],7,1,85,3,492.3643092000857,,492.34769470011815,492.3643092000857,493.34751609992236,493.34751609992236,493.36318799993023,494.6637361999601,space,1.3007342000491917,None,494.6641689001117,494.76408946660035,495.0773577000946,495.05873730010353,495.05926389992237,495.0773577000946,495.0773577000946,495.0773577000946,496.030414900044,50,1,[0.9528175999876112],[0.9528242000378668],P01,001,2025-11-12_13h44.20.500,intentional binding task,,2025.1.1,59.75536155133679,2025-11-12 13h44.32.683913 +0530,
0.7,1000,exp,86,2,7,space,2.285745400004089,None,120,1,[4.633272799896076],[4.633278099820018],7,2,86,5,496.0453019000124,,496.0307430000976,496.0453019000124,497.02972260001116,497.02972260001116,497.046598700108,499.32813649997115,space,2.285745400004089,None,499.3285594000481,500.0271662667549,500.34269189997576,500.3264858000912,500.32679560012184,500.34269189997576,500.34269189997576,500.34269189997576,504.9761697000358,120,1,[4.633272799896076],[4.633278099820018],P01,001,2025-11-12_13h44.20.500,intentional binding task,,2025.1.1,59.75536155133679,2025-11-12 13h44.32.683913 +0530,
0.7,1000,exp,87,3,7,space,1.406568800099194,None,300,1,[2.234832900110632],[2.2348388000391424],7,3,87,8,504.9915185000282,,504.97633030009456,504.9915185000282,505.99385179998353,505.99385179998353,505.99385179998353,507.408594599925,space,1.406568800099194,None,507.40957339992747,508.12457806669795,508.45468680001795,508.427975300001,508.4285905000288,508.45468680001795,508.45468680001795,508.45468680001795,510.6897521999199,300,1,[2.234832900110632],[2.2348388000391424],P01,001,2025-11-12_13h44.20.500,intentional binding task,,2025.1.1,59.75536155133679,2025-11-12 13h44.32.683913 +0530,
0.4,400,unexp,88,4,7,space,5.55473480001092,None,320,1,[5.349667300004512],[5.349672900047153],7,4,88,1,510.70579589996487,,510.6899168000091,510.70579589996487,511.7055154000409,511.7055154000409,511.7055154000409,517.2702782000415,space,5.55473480001092,None,517.2706565000117,517.6699400665859,517.9846846000291,517.9665368001442,517.9667938000057,517.9846846000291,517.9846846000291,517.9846846000291,523.334562700009,320,1,[5.349667300004512],[5.349672900047153],P01,001,2025-11-12_13h44.20.500,intentional binding task,,2025.1.1,59.75536155133679,2025-11-12 13h44.32.683913 +0530,
0.1,1000,exp,89,5,7,space,1.3662229001056403,None,600,1,[24.742537799989805],[24.742544200038537],7,5,89,6,523.3502744999714,,523.3347178001422,523.3502744999714,524.3493574999738,524.3493574999738,524.3493574999738,525.7329752000514,space,1.3662229001056403,None,525.7333893999457,525.8329088667563,526.1639964000788,526.1353283999488,526.1359346001409,526.1639964000788,526.1639964000788,526.1639964000788,550.9067572001368,600,1,[24.742537799989805],[24.742544200038537],P01,001,2025-11-12_13h44.20.500,intentional binding task,,2025.1.1,59.75536155133679,2025-11-12 13h44.32.683913 +0530,
0.4,1000,exp,90,6,7,space,0.30271399999037385,None,100,1,[14.995266899932176],[14.995273099979386],7,6,90,7,550.9219085001387,,550.9069250000175,550.9219085001387,551.9213638999499,551.9213638999499,551.9213638999499,552.2381144999526,space,0.30271399999037385,None,552.2386285001412,552.6375914666025,552.9522228999995,552.9385363999754,552.9388188000303,552.9522228999995,552.9522228999995,552.9522228999995,567.9476962999906,100,1,[14.995266899932176],[14.995273099979386],P01,001,2025-11-12_13h44.20.500,intentional binding task,,2025.1.1,59.75536155133679,2025-11-12 13h44.32.683913 +0530,
0.1,400,unexp,91,7,7,space,0.7198256000410765,None,500,1,[2.1691016000695527],[2.1691076999995857],7,7,91,0,567.963820700068,,567.9478525000159,567.963820700068,568.9486855999567,568.9486855999567,568.9641867999453,569.6822129001375,space,0.7198256000410765,None,569.6835112001281,569.7817968666243,570.1114183000755,570.0804946999997,570.0810140999965,570.1114183000755,570.1114183000755,570.1114183000755,572.2807440001052,500,1,[2.1691016000695527],[2.1691076999995857],P01,001,2025-11-12_13h44.20.500,intentional binding task,,2025.1.1,59.75536155133679,2025-11-12 13h44.32.683913 +0530,
0.7,400,unexp,92,8,7,space,0.288769300095737,None,500,1,[2.101249100174755],[2.101255000103265],7,8,92,2,572.2955634000245,,572.2809013000224,572.2955634000245,573.295407500118,573.295407500118,573.295407500118,573.5949939999264,space,0.288769300095737,None,573.595375899924,574.2944323667946,574.6093216999434,574.5949852999765,574.5954164001159,574.6093216999434,574.6093216999434,574.6093216999434,576.7107975000981,500,1,[2.101249100174755],[2.101255000103265],P01,001,2025-11-12_13h44.20.500,intentional binding task,,2025.1.1,59.75536155133679,2025-11-12 13h44.32.683913 +0530,
0.4,1000,exp,93,9,7,space,0.837576000019908,None,200,1,[1.952032299945131],[1.952038099989295],7,9,93,4,576.7267297999933,,576.7109660001006,576.7267297999933,577.7266065999866,577.7266065999866,577.7266065999866,578.5764415001031,space,0.837576000019908,None,578.5768363000825,578.975822266719,579.2904042000882,579.2690270000603,579.2692867999431,579.2904042000882,579.2904042000882,579.2904042000882,581.2426472001243,200,1,[1.952032299945131],[1.952038099989295],P01,001,2025-11-12_13h44.20.500,intentional binding task,,2025.1.1,59.75536155133679,2025-11-12 13h44.32.683913 +0530,
0.1,1000,exp,94,10,7,space,0.6222216000314802,None,300,1,[1.868706800043583],[1.8687122000847012],7,10,94,9,581.2581039001234,,581.242808500072,581.2581039001234,582.2580420000013,582.2580420000013,582.2580420000013,582.8907327000052,space,0.6222216000314802,None,582.891304400051,582.9910423667791,583.3052493999712,583.2872160000261,583.2874718001112,583.3052493999712,583.3052493999712,583.3052493999712,585.1741699001286,300,1,[1.868706800043583],[1.8687122000847012],P01,001,2025-11-12_13h44.20.500,intentional binding task,,2025.1.1,59.75536155133679,2025-11-12 13h44.32.683913 +0530,
0.7,1000,exp,95,11,7,space,0.545973900007084,None,300,1,[2.1680176998488605],[2.168024600017816],7,11,95,11,585.1894183999393,,585.1743459999561,585.1894183999393,586.1897627001163,586.1897627001163,586.1897627001163,586.7392478999682,space,0.545973900007084,None,586.7399575000163,587.4391091666805,587.7533267999534,587.7362051000819,587.7365031000227,587.7533267999534,587.7533267999534,587.7533267999534,589.9215702000074,300,1,[2.1680176998488605],[2.168024600017816],P01,001,2025-11-12_13h44.20.500,intentional binding task,,2025.1.1,59.75536155133679,2025-11-12 13h44.32.683913 +0530,
0.1,1000,exp,96,0,8,space,0.5277553000487387,None,120,1,[2.385397900128737],[2.3854038999415934],8,0,96,3,589.9376513001043,,589.9217394001316,589.9376513001043,590.9203173001297,590.9203173001297,590.9371571000665,591.4539278999437,space,0.5277553000487387,None,591.4543185001239,591.5539120666838,591.8680088999681,591.8471647000406,591.8474467999768,591.8680088999681,591.8680088999681,591.8680088999681,594.2536212999839,120,1,[2.385397900128737],[2.3854038999415934],P01,001,2025-11-12_13h44.20.500,intentional binding task,,2025.1.1,59.75536155133679,2025-11-12 13h44.32.683913 +0530,
0.4,1000,exp,97,1,8,space,68.07072820002213,None,300,1,[3.885550400009379],[3.885556499939412],8,1,97,10,594.268619599985,,594.2537873000838,594.268619599985,595.2690066001378,595.2690066001378,595.2690066001378,663.3554247999564,space,68.07072820002213,None,663.3559485001024,663.7548091665997,664.069775900105,664.0569704000372,664.0572822000831,664.069775900105,664.069775900105,664.069775900105,667.9555359999649,300,1,[3.885550400009379],[3.885556499939412],P01,001,2025-11-12_13h44.20.500,intentional binding task,,2025.1.1,59.75536155133679,2025-11-12 13h44.32.683913 +0530,
0.7,1000,exp,98,2,8,space,1.3498675001319498,None,200,1,[2.5844862000085413],[2.584493499947712],8,2,98,5,667.9702670001425,,667.9557135000359,667.9702670001425,668.9698558999225,668.9698558999225,668.9698558999225,670.3361613999587,space,1.3498675001319498,None,670.3367550000548,671.0361502667113,671.3498289000709,671.3380513000302,671.338513799943,671.3498289000709,671.3498289000709,671.3498289000709,673.9345341001172,200,1,[2.5844862000085413],[2.584493499947712],P01,001,2025-11-12_13h44.20.500,intentional binding task,,2025.1.1,59.75536155133679,2025-11-12 13h44.32.683913 +0530,
0.1,1000,exp,99,3,8,space,0.3295627001207322,None,175,1,[5.43312339996919],[5.433136800071225],8,3,99,6,673.9513375000097,,673.9347572000697,673.9513375000097,674.9504138000775,674.9504138000775,674.9673975999467,675.2840523000341,space,0.3295627001207322,None,675.2844998000655,675.3842740667208,675.6988045000471,675.6785604001489,675.6790857999586,675.6988045000471,675.6988045000471,675.6988045000471,681.1323786000721,175,1,[5.43312339996919],[5.433136800071225],P01,001,2025-11-12_13h44.20.500,intentional binding task,,2025.1.1,59.75536155133679,2025-11-12 13h44.32.683913 +0530,
0.7,1000,exp,100,4,8,space,0.3968925999943167,None,200,1,[2.2845438001677394],[2.284548999974504],8,4,100,11,681.1471587000415,,681.1327647001017,681.1471587000415,682.1467097999994,682.1467097999994,682.1467097999994,682.5469760000706,space,0.3968925999943167,None,682.5473985001445,683.2462466667096,683.5609673999716,683.5392640000209,683.5395100000314,683.5609673999716,683.5609673999716,683.5609673999716,685.845717899967,200,1,[2.2845438001677394],[2.284548999974504],P01,001,2025-11-12_13h44.20.500,intentional binding task,,2025.1.1,59.75536155133679,2025-11-12 13h44.32.683913 +0530,
0.7,1000,exp,101,5,8,space,0.581468400079757,None,300,1,[3.133769999956712],[3.1337774998974055],8,5,101,8,685.8624541000463,,685.8458901999984,685.8624541000463,686.8620378000196,686.8620378000196,686.8779053001199,687.4446499000769,space,0.581468400079757,None,687.4450638999697,688.1450226666095,688.4762435001321,688.4467207000125,688.4474931999575,688.4762435001321,688.4762435001321,688.4762435001321,691.6102678000461,300,1,[3.133769999956712],[3.1337774998974055],P01,001,2025-11-12_13h44.20.500,intentional binding task,,2025.1.1,59.75536155133679,2025-11-12 13h44.32.683913 +0530,
0.1,1000,exp,102,6,8,space,0.7945866000372916,None,350,1,[2.5348726001102477],[2.534878300037235],8,6,102,9,691.6271747001447,,691.6104614001233,691.6271747001447,692.6091813999228,692.6091813999228,692.6423814999871,693.4086987001356,space,0.7945866000372916,None,693.409180900082,693.5088110666877,693.840303099947,693.8100439000409,693.8106362000108,693.840303099947,693.840303099947,693.840303099947,696.3753961001057,350,1,[2.5348726001102477],[2.534878300037235],P01,001,2025-11-12_13h44.20.500,intentional binding task,,2025.1.1,59.75536155133679,2025-11-12 13h44.32.683913 +0530,
0.4,1000,exp,103,7,8,space,1.5420623000245541,None,100,1,[18.810865999897942],[18.810872700065374],8,7,103,4,696.3913449000102,,696.3755564999301,696.3913449000102,697.3745562001131,697.3745562001131,697.3911294999998,698.9257743000053,space,1.5420623000245541,None,698.9270667000674,699.339869766791,699.6543596000411,699.6375128999352,699.6377632000949,699.6543596000411,699.6543596000411,699.6543596000411,718.4654437999707,100,1,[18.810865999897942],[18.810872700065374],P01,001,2025-11-12_13h44.20.500,intentional binding task,,2025.1.1,59.75536155133679,2025-11-12 13h44.32.683913 +0530,
0.4,400,unexp,104,8,8,space,0.29880110011436045,None,700,1,[2.218254500068724],[2.2182599999941885],8,8,104,1,718.481240299996,,718.4656198001467,718.481240299996,719.4808229999617,719.4808229999617,719.4808229999617,719.7807613001205,space,0.29880110011436045,None,719.7812036001123,720.1806210666584,720.4952027001418,720.4759079001378,720.4762814999558,720.4952027001418,720.4952027001418,720.4952027001418,722.713666100055,700,1,[2.218254500068724],[2.2182599999941885],P01,001,2025-11-12_13h44.20.500,intentional binding task,,2025.1.1,59.75536155133679,2025-11-12 13h44.32.683913 +0530,
0.1,400,unexp,105,9,8,space,0.3121635999996215,None,600,1,[1.5519530999008566],[1.551958299940452],8,9,105,0,722.7302030001301,,722.7138267999981,722.7302030001301,723.7125484999269,723.7125484999269,723.729724700097,724.0302617999259,space,0.3121635999996215,None,724.0313466999214,724.1456369667469,724.4600023000967,724.4388429999817,724.439120199997,724.4600023000967,724.4600023000967,724.4600023000967,726.0121621999424,600,1,[1.5519530999008566],[1.551958299940452],P01,001,2025-11-12_13h44.20.500,intentional binding task,,2025.1.1,59.75536155133679,2025-11-12 13h44.32.683913 +0530,
0.4,1000,exp,106,10,8,space,0.8239507002290338,None,200,1,[2.2181636998429894],[2.218170099891722],8,10,106,7,726.0287073999643,,726.0123213999905,726.0287073999643,727.0116902000736,727.0116902000736,727.0283770000096,727.8437070001382,space,0.8239507002290338,None,727.8441242999397,728.2430438667691,728.5582731999457,728.5380847000051,728.5386713999324,728.5582731999457,728.5582731999457,728.5582731999457,730.7766525999177,200,1,[2.2181636998429894],[2.218170099891722],P01,001,2025-11-12_13h44.20.500,intentional binding task,,2025.1.1,59.75536155133679,2025-11-12 13h44.32.683913 +0530,
0.7,400,unexp,107,11,8,space,0.8236183999106288,None,300,1,[1.6350867000874132],[1.6350922000128776],8,11,107,2,730.792428100016,,730.7768117000815,730.792428100016,731.7925100000575,731.7925100000575,731.7925100000575,732.624815300107,space,0.8236183999106288,None,732.6252715000883,733.3251091666209,733.6393288001418,733.6252798999194,733.6256417001132,733.6393288001418,733.6393288001418,733.6393288001418,735.274634399917,300,1,[1.6350867000874132],[1.6350922000128776],P01,001,2025-11-12_13h44.20.500,intentional binding task,,2025.1.1,59.75536155133679,2025-11-12 13h44.32.683913 +0530,
0.1,1000,exp,108,0,9,space,1.0741743999533355,None,200,1,[1.7011297999415547],[1.7011361999902874],9,0,108,6,735.2904660999775,,735.2747947000898,735.2904660999775,736.2906378000043,736.2906378000043,736.2906378000043,737.374923299998,space,1.0741743999533355,None,737.3762091000099,737.4890639666157,737.8044644000474,737.7878332999535,737.7882272000425,737.8044644000474,737.8044644000474,737.8044644000474,739.5058176999446,200,1,[1.7011297999415547],[1.7011361999902874],P01,001,2025-11-12_13h44.20.500,intentional binding task,,2025.1.1,59.75536155133679,2025-11-12 13h44.32.683913 +0530,
0.4,1000,exp,109,1,9,space,0.3955936999991536,None,100,1,[1.4192599998787045],[1.4192663999274373],9,1,109,4,739.5220405999571,,739.5059789000079,739.5220405999571,740.5046574000735,740.5046574000735,740.521779499948,740.9046897001099,space,0.3955936999991536,None,740.9052669000812,741.3041081666636,741.6358745999169,741.6068043000996,741.6076537999325,741.6358745999169,741.6358745999169,741.6358745999169,743.0553542999551,100,1,[1.4192599998787045],[1.4192663999274373],P01,001,2025-11-12_13h44.20.500,intentional binding task,,2025.1.1,59.75536155133679,2025-11-12 13h44.32.683913 +0530,
0.7,400,unexp,110,2,9,space,0.5387549998704344,None,400,1,[2.0683724000118673],[2.0683784999419004],9,2,110,2,743.0701683999505,,743.0555162001401,743.0701683999505,744.0694806000683,744.0694806000683,744.0694806000683,744.6195924000349,space,0.5387549998704344,None,744.620055800071,745.3192114667656,745.633843800053,745.6203693000134,745.6206416001078,745.633843800053,745.633843800053,745.633843800053,747.7024322000798,400,1,[2.0683724000118673],[2.0683784999419004],P01,001,2025-11-12_13h44.20.500,intentional binding task,,2025.1.1,59.75536155133679,2025-11-12 13h44.32.683913 +0530,
0.4,1000,exp,111,3,9,space,0.8661645001266152,None,100,1,[2.2010875998530537],[2.201092799892649],9,3,111,10,747.7185601000674,,747.7025882001035,747.7185601000674,748.7173691000789,748.7173691000789,748.7173691000789,749.584971500095,space,0.8661645001266152,None,749.5853852001019,750.0009537668122,750.3154140999541,750.2957367000636,750.2960129999556,750.3154140999541,750.3154140999541,750.3154140999541,752.5167084999848,100,1,[2.2010875998530537],[2.201092799892649],P01,001,2025-11-12_13h44.20.500,intentional binding task,,2025.1.1,59.75536155133679,2025-11-12 13h44.32.683913 +0530,
0.1,1000,exp,112,4,9,space,1.120268499944359,None,50,1,[1.7681189998984337],[1.768124499823898],9,4,112,3,752.5327642001212,,752.5168775999919,752.5327642001212,753.5319515001029,753.5319515001029,753.5319515001029,754.6670214999467,space,1.120268499944359,None,754.6681614001282,754.7823054667717,755.0964510000776,755.0802058000118,755.0804638001136,755.0964510000776,755.0964510000776,755.0964510000776,756.8647771000396,50,1,[1.7681189998984337],[1.768124499823898],P01,001,2025-11-12_13h44.20.500,intentional binding task,,2025.1.1,59.75536155133679,2025-11-12 13h44.32.683913 +0530,
0.7,1000,exp,113,5,9,space,0.6434615000616759,None,320,1,[6.482382700080052],[6.4823880000039935],9,5,113,11,756.8808518000878,,756.8649361999705,756.8808518000878,757.8647668000776,757.8647668000776,757.8812740999274,758.5139423001092,space,0.6434615000616759,None,758.5143349999562,759.2131729666764,759.5455162001308,759.5165454000235,759.5170462999959,759.5455162001308,759.5455162001308,759.5455162001308,766.028125199955,320,1,[6.482382700080052],[6.4823880000039935],P01,001,2025-11-12_13h44.20.500,intentional binding task,,2025.1.1,59.75536155133679,2025-11-12 13h44.32.683913 +0530,
0.1,1000,exp,114,6,9,space,0.2678662999533117,None,222,1,[2.7518760999664664],[2.751883199904114],9,6,114,9,766.0437513999641,,766.0282821001019,766.0437513999641,767.0277867999393,767.0277867999393,767.0434801001102,767.3105059000663,space,0.2678662999533117,None,767.3111419000197,767.4098171666885,767.72456100001,767.706076500006,767.7063814001158,767.72456100001,767.72456100001,767.72456100001,770.4766774999443,222,1,[2.7518760999664664],[2.751883199904114],P01,001,2025-11-12_13h44.20.500,intentional binding task,,2025.1.1,59.75536155133679,2025-11-12 13h44.32.683913 +0530,
0.4,1000,exp,115,7,9,space,0.45165659999474883,None,400,1,[1.7013370001222938],[1.7013425000477582],9,7,115,7,770.4918963999953,,770.4768696001265,770.4918963999953,771.4919617001433,771.4919617001433,771.4919617001433,771.9578836001456,space,0.45165659999474883,None,771.95851269993,772.3572633667538,772.6722168000415,772.6596242000815,772.6598791999277,772.6722168000415,772.6722168000415,772.6722168000415,774.3737896000966,400,1,[1.7013370001222938],[1.7013425000477582],P01,001,2025-11-12_13h44.20.500,intentional binding task,,2025.1.1,59.75536155133679,2025-11-12 13h44.32.683913 +0530,
0.7,1000,exp,116,8,9,space,0.9230253000278026,None,150,1,[2.284833899931982],[2.284840099979192],9,8,116,8,774.3898130999878,,774.3739509999286,774.3898130999878,775.3726560999639,775.3726560999639,775.3895908000413,776.3060922001023,space,0.9230253000278026,None,776.306602000026,777.0062698666627,777.3202372000087,777.2980102000292,777.2982634999789,777.3202372000087,777.3202372000087,777.3202372000087,779.6052780000027,150,1,[2.284833899931982],[2.284840099979192],P01,001,2025-11-12_13h44.20.500,intentional binding task,,2025.1.1,59.75536155133679,2025-11-12 13h44.32.683913 +0530,
0.7,1000,exp,117,9,9,space,0.5242284999694675,None,200,1,[1.6022548999171704],[1.6022606999613345],9,9,117,5,779.6209615999833,,779.6054424000904,779.6209615999833,780.6208886001259,780.6208886001259,780.6208886001259,781.1579241999425,space,0.5242284999694675,None,781.15982359997,781.8727581666938,782.2013225001283,782.174583800137,782.1749956000131,782.2013225001283,782.2013225001283,782.2013225001283,783.8038167001214,200,1,[1.6022548999171704],[1.6022606999613345],P01,001,2025-11-12_13h44.20.500,intentional binding task,,2025.1.1,59.75536155133679,2025-11-12 13h44.32.683913 +0530,
0.1,400,unexp,118,10,9,space,0.42102190013974905,None,450,1,[4.1664859999436885],[4.1664919999893755],9,10,118,0,783.8195575000718,,783.8040088000707,783.8195575000718,784.8188658999279,784.8188658999279,784.8188658999279,785.2525363001041,space,0.42102190013974905,None,785.2530014999211,785.3523937666944,785.6683960999362,785.6529347000178,785.6531819000375,785.6683960999362,785.6683960999362,785.6683960999362,789.8351026000455,450,1,[4.1664859999436885],[4.1664919999893755],P01,001,2025-11-12_13h44.20.500,intentional binding task,,2025.1.1,59.75536155133679,2025-11-12 13h44.32.683913 +0530,
0.4,400,unexp,119,11,9,space,0.11408330011181533,None,600,1,[1.452296599978581],[1.452303399797529],9,11,119,1,789.8499668000732,,789.8352717000525,789.8499668000732,790.8497409999836,790.8497409999836,790.8497409999836,790.9663555999286,space,0.11408330011181533,None,790.9668290999252,791.3655932667355,791.6971517000347,791.6592663000338,791.6601543000434,791.6971517000347,791.6971517000347,791.6971517000347,793.1496788000222,600,1,[1.452296599978581],[1.452303399797529],P01,001,2025-11-12_13h44.20.500,intentional binding task,,2025.1.1,59.75536155133679,2025-11-12 13h44.32.683913 +0530,
