stim_word,thisN,thisTrialN,thisRepN,old_new,yn_keys,key_resp_3.keys,key_resp_3.corr,key_resp_3.rt,key_resp_3.duration,trialsStudy.thisRepN,trialsStudy.thisTrialN,trialsStudy.thisN,trialsStudy.thisIndex,trialsTest.thisRepN,trialsTest.thisTrialN,trialsTest.thisN,trialsTest.thisIndex,thisRow.t,notes,Welcome.started,text.started,key_resp.started,Welcome.stopped,key_resp.keys,key_resp.rt,key_resp.duration,StudyTrial.started,textstudy.started,StudyTrial.stopped,Instruction.started,text_3.started,key_resp_2.started,Instruction.stopped,key_resp_2.keys,key_resp_2.rt,key_resp_2.duration,TestTrial.started,texttest.started,key_resp_3.started,TestTrial.stopped,trialsTest.key_resp_3.keys,trialsTest.key_resp_3.corr,trialsTest.key_resp_3.rt,trialsTest.key_resp_3.duration,participant,session,date,expName,expVersion,psychopyVersion,frameRate,expStart
,,,,,,,,,,,,,,,,,,,,0.1910755,0.2124219,0.2124219,0.9017402,space,0.6519534,None,,,,,,,,,,,,,,,,,,,P03,1,2025-11-20_02h07.57.649,Memory Experiment,,2025.1.1,60.0728323,2025-11-20 02h08.13.388418 +0530
sun,0,0,0,,,,,,,0,0,0,6,,,,,0.9286386,,,,,,,,,0.9089042,0.9286386,2.9115348,,,,,,,,,,,,,,,,P03,1,2025-11-20_02h07.57.649,Memory Experiment,,2025.1.1,60.0728323,2025-11-20 02h08.13.388418 +0530
moon,1,1,0,,,,,,,0,1,1,7,,,,,2.9277929,,,,,,,,,2.9128961,2.9277929,4.9127939,,,,,,,,,,,,,,,,P03,1,2025-11-20_02h07.57.649,Memory Experiment,,2025.1.1,60.0728323,2025-11-20 02h08.13.388418 +0530
car ,2,2,0,,,,,,,0,2,2,2,,,,,4.9269105,,,,,,,,,4.9140598,4.9269105,6.9115746,,,,,,,,,,,,,,,,P03,1,2025-11-20_02h07.57.649,Memory Experiment,,2025.1.1,60.0728323,2025-11-20 02h08.13.388418 +0530
mercury,3,3,0,,,,,,,0,3,3,9,,,,,6.9260836,,,,,,,,,6.9136367,6.9260836,8.9107198,,,,,,,,,,,,,,,,P03,1,2025-11-20_02h07.57.649,Memory Experiment,,2025.1.1,60.0728323,2025-11-20 02h08.13.388418 +0530
earth,4,4,0,,,,,,,0,4,4,8,,,,,8.9250199,,,,,,,,,8.9123591,8.9250199,10.9110263,,,,,,,,,,,,,,,,P03,1,2025-11-20_02h07.57.649,Memory Experiment,,2025.1.1,60.0728323,2025-11-20 02h08.13.388418 +0530
bike,5,5,0,,,,,,,0,5,5,3,,,,,10.9244231,,,,,,,,,10.9152751,10.9244231,12.907987,,,,,,,,,,,,,,,,P03,1,2025-11-20_02h07.57.649,Memory Experiment,,2025.1.1,60.0728323,2025-11-20 02h08.13.388418 +0530
apple,6,6,0,,,,,,,0,6,6,4,,,,,12.9234944,,,,,,,,,12.9094869,12.9234944,14.9089964,,,,,,,,,,,,,,,,P03,1,2025-11-20_02h07.57.649,Memory Experiment,,2025.1.1,60.0728323,2025-11-20 02h08.13.388418 +0530
laptop,7,7,0,,,,,,,0,7,7,1,,,,,14.9224789,,,,,,,,,14.910481,14.9224789,16.9091021,,,,,,,,,,,,,,,,P03,1,2025-11-20_02h07.57.649,Memory Experiment,,2025.1.1,60.0728323,2025-11-20 02h08.13.388418 +0530
orange,8,8,0,,,,,,,0,8,8,5,,,,,16.9383641,,,,,,,,,16.9184147,16.9383641,18.9063526,,,,,,,,,,,,,,,,P03,1,2025-11-20_02h07.57.649,Memory Experiment,,2025.1.1,60.0728323,2025-11-20 02h08.13.388418 +0530
phone,9,9,0,,,,,,,0,9,9,0,,,,,18.9208721,,,,,,,,,18.9082836,18.9208721,20.9032325,,,,,,,,,,,,,,,,P03,1,2025-11-20_02h07.57.649,Memory Experiment,,2025.1.1,60.0728323,2025-11-20 02h08.13.388418 +0530
,,,,,,,,,,,,,,,,,,,,,,,,,,,,,,20.9032986,20.9199536,20.9199536,22.1362972,space,1.2117535,None,,,,,,,,,P03,1,2025-11-20_02h07.57.649,Memory Experiment,,2025.1.1,60.0728323,2025-11-20 02h08.13.388418 +0530
apple,0,0,0,old,y,y,1,1.9909466,None,,,,,0,0,0,4,22.1526723,,,,,,,,,,,,,,,,,,,22.1428917,22.1526723,22.1526723,24.1521599,y,1,1.9909466,None,P03,1,2025-11-20_02h07.57.649,Memory Experiment,,2025.1.1,60.0728323,2025-11-20 02h08.13.388418 +0530
cycle,1,1,0,new,n,n,1,0.9071362,None,,,,,0,1,1,11,24.1684827,,,,,,,,,,,,,,,,,,,24.1540247,24.1684827,24.1684827,25.085044,n,1,0.9071362,None,P03,1,2025-11-20_02h07.57.649,Memory Experiment,,2025.1.1,60.0728323,2025-11-20 02h08.13.388418 +0530
bike,2,2,0,old,y,n,0,2.0261804,None,,,,,0,2,2,3,25.1014164,,,,,,,,,,,,,,,,,,,25.0865736,25.1014164,25.1014164,27.134039,n,0,2.0261804,None,P03,1,2025-11-20_02h07.57.649,Memory Experiment,,2025.1.1,60.0728323,2025-11-20 02h08.13.388418 +0530
venus,3,3,0,new,n,n,1,0.8292892,None,,,,,0,3,3,13,27.1504739,,,,,,,,,,,,,,,,,,,27.1367262,27.1504739,27.1504739,27.9837073,n,1,0.8292892,None,P03,1,2025-11-20_02h07.57.649,Memory Experiment,,2025.1.1,60.0728323,2025-11-20 02h08.13.388418 +0530
phone,4,4,0,old,y,y,1,1.0995582,None,,,,,0,4,4,0,28.0001566,,,,,,,,,,,,,,,,,,,27.9852783,28.0001566,28.0001566,29.1166102,y,1,1.0995582,None,P03,1,2025-11-20_02h07.57.649,Memory Experiment,,2025.1.1,60.0728323,2025-11-20 02h08.13.388418 +0530
laptop,5,5,0,old,y,y,1,0.8384546,None,,,,,0,5,5,1,29.1330903,,,,,,,,,,,,,,,,,,,29.1183844,29.1330903,29.1330903,29.9820156,y,1,0.8384546,None,P03,1,2025-11-20_02h07.57.649,Memory Experiment,,2025.1.1,60.0728323,2025-11-20 02h08.13.388418 +0530
car ,6,6,0,old,y,y,1,2.1015736,None,,,,,0,6,6,2,29.9982803,,,,,,,,,,,,,,,,,,,29.9835982,29.9982803,29.9982803,32.1144011,y,1,2.1015736,None,P03,1,2025-11-20_02h07.57.649,Memory Experiment,,2025.1.1,60.0728323,2025-11-20 02h08.13.388418 +0530
mercury,7,7,0,old,y,y,1,1.1887315,None,,,,,0,7,7,9,32.1308587,,,,,,,,,,,,,,,,,,,32.1160431,32.1308587,32.1308587,33.3309384,y,1,1.1887315,None,P03,1,2025-11-20_02h07.57.649,Memory Experiment,,2025.1.1,60.0728323,2025-11-20 02h08.13.388418 +0530
orange,8,8,0,old,y,y,1,1.0122005,None,,,,,0,8,8,5,33.3473709,,,,,,,,,,,,,,,,,,,33.332418,33.3473709,33.3473709,34.3638739,y,1,1.0122005,None,P03,1,2025-11-20_02h07.57.649,Memory Experiment,,2025.1.1,60.0728323,2025-11-20 02h08.13.388418 +0530
sun,9,9,0,old,y,y,1,1.0553539,None,,,,,0,9,9,6,34.3802655,,,,,,,,,,,,,,,,,,,34.3651994,34.3802655,34.3802655,35.4467067,y,1,1.0553539,None,P03,1,2025-11-20_02h07.57.649,Memory Experiment,,2025.1.1,60.0728323,2025-11-20 02h08.13.388418 +0530
tab,10,10,0,new,n,n,1,1.1284569,None,,,,,0,10,10,10,35.46316,,,,,,,,,,,,,,,,,,,35.4479688,35.46316,35.46316,36.5962202,n,1,1.1284569,None,P03,1,2025-11-20_02h07.57.649,Memory Experiment,,2025.1.1,60.0728323,2025-11-20 02h08.13.388418 +0530
earth,11,11,0,old,y,y,1,0.9310193,None,,,,,0,11,11,8,36.6125305,,,,,,,,,,,,,,,,,,,36.5975691,36.6125305,36.6125305,37.5457632,y,1,0.9310193,None,P03,1,2025-11-20_02h07.57.649,Memory Experiment,,2025.1.1,60.0728323,2025-11-20 02h08.13.388418 +0530
star,12,12,0,new,n,n,1,1.0894437,None,,,,,0,12,12,12,37.5622022,,,,,,,,,,,,,,,,,,,37.5470151,37.5622022,37.5622022,38.6623082,n,1,1.0894437,None,P03,1,2025-11-20_02h07.57.649,Memory Experiment,,2025.1.1,60.0728323,2025-11-20 02h08.13.388418 +0530
moon,13,13,0,old,y,y,1,3.3289408,None,,,,,0,13,13,7,38.6786518,,,,,,,,,,,,,,,,,,,38.6634777,38.6786518,38.6786518,42.0109558,y,1,3.3289408,None,P03,1,2025-11-20_02h07.57.649,Memory Experiment,,2025.1.1,60.0728323,2025-11-20 02h08.13.388418 +0530
